commonRxns,FSR_PCOPT,Status_PCOPT
AD_5MTHFt2,1.56002743767447e-06,Unchanged
AD_ACGAM6PSi,3562.08626881652,Upregulated
AD_ACGAMK,275.150841512707,Upregulated
AD_ACGAMPM,376.621194946849,Upregulated
AD_ADMDC,59.2594926307216,Upregulated
AD_ASCBt4,17753210.3469875,Upregulated
AD_BAMPPALDOX,59.2594891002759,Upregulated
AD_DMATTx,96.0818613387313,Upregulated
AD_DNDPt28m,34.5828011033023,Upregulated
AD_FAOXC161C141m,NaN,Unchanged
AD_FAS100COA,688689.151934696,Upregulated
AD_FAS80COA_L,2071.22205231519,Upregulated
AD_FRDPtr,96.0818613494698,Upregulated
AD_FTHFLm,4.29805889013124,Upregulated
AD_GF6PTA,322.16846598558,Upregulated
AD_GLYPROt,1,Unchanged
AD_GRTTx,96.0818613387313,Upregulated
AD_H2Otn,3.78640696389169e-06,Unchanged
AD_HMGCOAtx,150760.640052539,Upregulated
AD_HMR_0197,25.6656383738008,Upregulated
AD_HMR_0807,15.085334446053,Upregulated
AD_HMR_0830,8.25589174956548,Upregulated
AD_HMR_1135,300050383.002639,Upregulated
AD_HMR_1242,300050383.002639,Upregulated
AD_HMR_1526,4.0152156943229,Upregulated
AD_HMR_2018,0,Unchanged
AD_HMR_2281,16777556.6589214,Upregulated
AD_HMR_2611,12513213.3329043,Upregulated
AD_HMR_2612,121632721.453069,Upregulated
AD_HMR_2634,134411188.852275,Upregulated
AD_HMR_2673,172880668.840305,Upregulated
AD_HMR_2712,25178795.0576441,Upregulated
AD_HMR_2713,25178795.0576441,Upregulated
AD_HMR_2727,70028008.5742156,Upregulated
AD_HMR_4078,59.2594957064037,Upregulated
AD_HMR_4079,59.2594894848724,Upregulated
AD_HMR_5996,0.01,Downregulated
AD_IPDDIx,96.0818613494698,Upregulated
AD_KAS8,896.090523460805,Upregulated
AD_LALDO,1.00019761586846,Unchanged
AD_LPS6e,223.722808027657,Upregulated
AD_LTHSTRLtr,299.754581286624,Upregulated
AD_L_LACt2r,2.50936921719383e-05,Unchanged
AD_NDPK4m,20.8834192585334,Upregulated
AD_NDPK8m,20.9146946754542,Upregulated
AD_P450LTB4r,659.662227376399,Upregulated
AD_PEHSFABPe,151.559120475817,Upregulated
AD_PROGLyt,1,Unchanged
AD_PROSTGE2t,68.3133707203163,Upregulated
AD_PSSA2_hs,364.803046579044,Upregulated
AD_RE3597X,300050383.002639,Upregulated
AD_SPRMS,59.2594957064037,Upregulated
AD_SQLSr,761951318.330378,Upregulated
AD_TRDR,43.4981944543621,Upregulated
AD_UAGDP,376.621194947893,Upregulated
AD_r0208,2267.65264137465,Upregulated
AD_r0392,88.7811210280743,Upregulated
AD_r0841,5.40379573439511,Upregulated
AD_r0899,58.8620457087873,Upregulated
AD_r1090,0.01,Downregulated
AD_r2436,149066140.289858,Upregulated
AD_sink_34dhpac[c],4919.2193429143,Upregulated
AD_sink_retfa[c],271.572656211078,Upregulated
EN_3DHCDCHOLt,1.00000455052659,Unchanged
EN_3DHCHOLt,1.00000455052659,Unchanged
EN_3DHDCAt,1.00000455052668,Unchanged
EN_3DHLCAt,1.00000455052668,Unchanged
EN_ABUTD,334.380573521376,Upregulated
EN_ACONT,13438018.5459233,Upregulated
EN_ADPACDAc,0,Unchanged
EN_AHCYSte,777.530834935933,Upregulated
EN_APRTO2,458.894988695723,Upregulated
EN_BETALDHxm,60.0260564337441,Upregulated
EN_C10DCc,2.74266798536948,Upregulated
EN_C30CPT1,4.76541174913336e-06,Unchanged
EN_C6DCc,0,Unchanged
EN_CDSm,29457.9510028625,Upregulated
EN_CHOLD2m,60.0260564337441,Upregulated
EN_CYTK1m,29457.9510043433,Upregulated
EN_DALAt2r,2,Upregulated
EN_DOLGLCP_Lter,2.34333204829484,Upregulated
EN_FADH2tru,17.7296478214885,Upregulated
EN_FADtru,17.7296478214885,Upregulated
EN_FUM,13438018.4853159,Upregulated
EN_G6PPer,409.032753625134,Upregulated
EN_GLB1,15.62292698571,Upregulated
EN_GLYBtm,60.0260564367616,Upregulated
EN_GLYKm,29457.9510028625,Upregulated
EN_H2CO3D,86546969.7149121,Upregulated
EN_HMR_0182,NaN,Unchanged
EN_HMR_0321,356.68154513937,Upregulated
EN_HMR_0582,29457.9510028625,Upregulated
EN_HMR_0761,315.278714931838,Upregulated
EN_HMR_0770,1.00000072304488,Unchanged
EN_HMR_0803,539.913947848844,Upregulated
EN_HMR_0847,26.0553602286384,Upregulated
EN_HMR_1565,0.00026882933480677,Unchanged
EN_HMR_1766,5251.26523224642,Upregulated
EN_HMR_1769,5251.26521211221,Upregulated
EN_HMR_1771,5251.26521211221,Upregulated
EN_HMR_4278,4.71942735871492e-06,Unchanged
EN_HMR_4696,161.801180581854,Upregulated
EN_HMR_6511,17.7296478214883,Upregulated
EN_HMR_6572,79552819.1163482,Upregulated
EN_HYOCHOLt,1.00000455052667,Unchanged
EN_LCAT10e,167.157618942862,Upregulated
EN_LCAT11e,166.036482567179,Upregulated
EN_LCAT15e,167.157626633124,Upregulated
EN_LCAT23e,1294.26112195956,Upregulated
EN_LCAT34e,167.157650886704,Upregulated
EN_LCAT50e,167.157609964684,Upregulated
EN_LCAT7e,166.036487235964,Upregulated
EN_LYSt4,62259984.2733656,Upregulated
EN_MI1PS,79552811.6575591,Upregulated
EN_MI3PP,79552819.1164955,Upregulated
EN_NABTNO,458.894988695723,Upregulated
EN_NDPK3m,29457.9510043433,Upregulated
EN_NTD2e,120.776282132807,Upregulated
EN_ORNDC,459.672689670795,Upregulated
EN_PGLYCtm,29457.9510043433,Upregulated
EN_PGPP_hs,30051.3655100441,Upregulated
EN_PGPP_hsc,29457.9510028625,Upregulated
EN_PPAer,199.33936558821,Upregulated
EN_PSSA1_hs,97502.1555943966,Upregulated
EN_PTRCAT1,458.894988695723,Upregulated
EN_PUNP7,357.857383843441,Upregulated
EN_RDH3,2,Upregulated
EN_RE3010M,1.00001862083766,Unchanged
EN_RE3597C,132805358.601421,Upregulated
EN_SEBACACT,2.7426679842771,Upregulated
EN_THYOCHOLt,1.00000455052661,Unchanged
EN_UDCHOLt,1.00000455052663,Unchanged
EN_UDPDOLPT_L,2.34333204829484,Upregulated
EN_UGCG,314.807458612694,Upregulated
EN_UREAt,52077922.144722,Upregulated
EN_VLCS2p,79.1129862071904,Upregulated
EN_XOLEST183CEH,1294.26112195956,Upregulated
EN_XOLEST183te,1294.26112193459,Upregulated
EN_XOLEST183tl,1294.26112193459,Upregulated
EN_r0022,17313285.8517292,Upregulated
EN_r0051,112.626663384116,Upregulated
EN_r0166,112.626663384601,Upregulated
EN_r0224,1.40905719720073,Unchanged
EN_r0726,0,Unchanged
EN_r0743,1733.35207422824,Upregulated
EN_r1298,1294.26112195956,Upregulated
EN_r1645,1.01853272814672,Unchanged
EN_r1664,1568.47725443187,Upregulated
EN_sink_gchola[c],5.7442125455189,Upregulated
EN_sink_gln_L[c],1313.4263284568,Upregulated
EN_sink_pro_L[c],1,Unchanged
EN_sink_xol7aone[c],47.9938397764975,Upregulated
GN_2OBUTt,5.81683268810436e-05,Unchanged
GN_4ABUTtm,73.8561638708916,Upregulated
GN_ABTArm,73.8561638708916,Upregulated
GN_ABUTt2rL,36.2072846454122,Upregulated
GN_ACACT10m,0,Unchanged
GN_ACACT9p,6.2500380152405,Upregulated
GN_ACGALK,91.8408044083514,Upregulated
GN_ACMPthc,0,Unchanged
GN_ADSK,26.3274048740323,Upregulated
GN_ARACHDFATPtc,11.4081996919575,Upregulated
GN_ARACHDtr,13.1443958275442,Upregulated
GN_BGAL1l,57.7805289594804,Upregulated
GN_BPNT,26.3274043526117,Upregulated
GN_C204CRNt,74334052.2716919,Upregulated
GN_C226CPT1,0.0708946020697571,Downregulated
GN_C226CPT2,0.0708946022456042,Downregulated
GN_CERT2rt,1.86243599773002,Unchanged
GN_CHSTEROLt,5.34926152012427,Upregulated
GN_CKc,10.2464979809651,Upregulated
GN_CLPNDCRNt,132478731.834936,Upregulated
GN_CSEPASEly,20.7970184364425,Upregulated
GN_CSPG_Etly,20.7970184364425,Upregulated
GN_CYOOm3i,8.03344621653729,Upregulated
GN_DDCAte,1017.22300387446,Upregulated
GN_DESAT18_4,4.25534829483211,Upregulated
GN_DESAT18_7,6.96942293164318,Upregulated
GN_DM_pcreat[c],10.2464979809651,Upregulated
GN_DURIPP,5.20220299325026,Upregulated
GN_D_LACt2,223.465468118804,Upregulated
GN_ECOAH9m,0,Unchanged
GN_EICOSTETCRNt,132478735.152079,Upregulated
GN_FACOAL170,9.5593665548084,Upregulated
GN_FACOAL204,11.4081999245069,Upregulated
GN_FAEL183,6.26584337585104,Upregulated
GN_FAEL205,10.1547841288518,Upregulated
GN_FAOXC101x,11.4687520304873,Upregulated
GN_FAOXC185C164m,5.55388468718412,Upregulated
GN_FAOXC185m,5.55388468718412,Upregulated
GN_FAOXC205C185m,5.55388468718412,Upregulated
GN_FAOXC226C205m,5.55388468718412,Upregulated
GN_FAOXC226C227m,5.55388468718412,Upregulated
GN_FAOXC226m,5.55388468718412,Upregulated
GN_FAOXC227C226m,5.55388468718412,Upregulated
GN_FAOXC5C5OHm,0,Unchanged
GN_FATP3t,1.11672424378712,Unchanged
GN_FORt2m,159.677223605063,Upregulated
GN_GALASE19ly,57.38443557373,Upregulated
GN_GALNTg,57.38443557373,Upregulated
GN_GALSIDEtl,43.3373537058013,Upregulated
GN_GHMT2r,59052558.656465,Upregulated
GN_GLCAASE7ly,20.7970184364425,Upregulated
GN_GLXO1,5.65430301381135,Upregulated
GN_GSNt2r,4.26685204145745,Upregulated
GN_HACD9m,0,Unchanged
GN_HEXCCOAtx,6.25003801366506,Upregulated
GN_HMR_0261,6.28974723352108,Upregulated
GN_HMR_0267,18.39923573677,Upregulated
GN_HMR_0317,24.2539444375656,Upregulated
GN_HMR_0815,91.2176689674545,Upregulated
GN_HMR_0816,225.914528652156,Upregulated
GN_HMR_0835,57.7805289594804,Upregulated
GN_HMR_0836,57.7805289594804,Upregulated
GN_HMR_1305,6.46012606229556,Upregulated
GN_HMR_1307,6.46012606229556,Upregulated
GN_HMR_2211,7.48426108686355,Upregulated
GN_HMR_2215,6.2500380152405,Upregulated
GN_HMR_2217,6.2500380152405,Upregulated
GN_HMR_2218,6.2500380152405,Upregulated
GN_HMR_2219,6.2500380152405,Upregulated
GN_HMR_2374,8.50760251257081,Upregulated
GN_HMR_2376,8.50760251257081,Upregulated
GN_HMR_2704,0,Unchanged
GN_HMR_2744,131122175.450229,Upregulated
GN_HMR_2753,74835978.3749026,Upregulated
GN_HMR_2760,74493547.3978084,Upregulated
GN_HMR_2817,0,Unchanged
GN_HMR_3057,6.2500380152405,Upregulated
GN_HMR_3058,6.2500380152405,Upregulated
GN_HMR_3059,6.2500380152405,Upregulated
GN_HMR_3062,6.2500380152405,Upregulated
GN_HMR_3063,6.2500380152405,Upregulated
GN_HMR_3064,6.2500380152405,Upregulated
GN_HMR_3065,6.2500380152405,Upregulated
GN_HMR_3066,6.2500380152405,Upregulated
GN_HMR_3067,6.2500380152405,Upregulated
GN_HMR_3068,6.2500380152405,Upregulated
GN_HMR_3069,6.2500380152405,Upregulated
GN_HMR_3070,6.2500380152405,Upregulated
GN_HMR_3071,6.2500380152405,Upregulated
GN_HMR_3072,6.2500380152405,Upregulated
GN_HMR_3073,6.2500380152405,Upregulated
GN_HMR_3107,0,Unchanged
GN_HMR_3108,0,Unchanged
GN_HMR_3109,0,Unchanged
GN_HMR_3110,0,Unchanged
GN_HMR_3111,0,Unchanged
GN_HMR_3112,0,Unchanged
GN_HMR_3113,0,Unchanged
GN_HMR_3114,0,Unchanged
GN_HMR_3115,0,Unchanged
GN_HMR_3116,0,Unchanged
GN_HMR_3117,0,Unchanged
GN_HMR_3118,0,Unchanged
GN_HMR_3322,11.4661664140488,Upregulated
GN_HMR_7703,5.69248206624318,Upregulated
GN_LINKDEG4ly,20.7970184364425,Upregulated
GN_LNELDCCPT1,9.32598862653822,Upregulated
GN_LNLNCGCRNt,47075850.9532131,Upregulated
GN_MLTHFtm,257.463954512841,Upregulated
GN_NACHEXA7ly,20.7970184364425,Upregulated
GN_NACHEXA8ly,20.7970184364425,Upregulated
GN_NAGA2ly,57.38443557373,Upregulated
GN_NAGLCAly,57.38443557373,Upregulated
GN_NEU11l,57.7805289594804,Upregulated
GN_O2Stm,8.06566080078185,Upregulated
GN_OCT11EFATP,6.28974723352108,Upregulated
GN_OLEICFATPtc,20.5676677187161,Upregulated
GN_PAPStg,26.3274048784184,Upregulated
GN_PAPtg,26.3274043526117,Upregulated
GN_PGS,6.81754830120553,Upregulated
GN_PGSr,6.89001677997942,Upregulated
GN_PUNP4,1.26710728481129,Unchanged
GN_RE0574C,7.48426108497701,Upregulated
GN_RE0575C,7.48426108497701,Upregulated
GN_RE0576C,7.48426108497701,Upregulated
GN_RE0578C,26.7386857888099,Upregulated
GN_RE1342C,284.502355643652,Upregulated
GN_RE1518X,11.4687520304873,Upregulated
GN_RE1520X,11.4661664140312,Upregulated
GN_RE1521X,11.4661664140312,Upregulated
GN_RE1522X,11.4687520304697,Upregulated
GN_RE1525X,11.4687520304697,Upregulated
GN_RE1526X,11.4687520304697,Upregulated
GN_RE1527X,11.4687520304697,Upregulated
GN_RE1532X,11.4687520304697,Upregulated
GN_RE1533X,11.4687520304697,Upregulated
GN_RE1534X,11.4687520304697,Upregulated
GN_RE1573X,11.4661664140312,Upregulated
GN_RE1796R,1158390031.97324,Upregulated
GN_RE2069C,6.60964673053262,Upregulated
GN_RE2954C,6.21332284922257,Upregulated
GN_RE3103C,8.50760251257081,Upregulated
GN_RE3104C,8.50760251168642,Upregulated
GN_RE3119C,31.7333615389341,Upregulated
GN_RE3120C,31.7333615389341,Upregulated
GN_RE3121C,31.7333615389341,Upregulated
GN_RE3122C,31.7333615389341,Upregulated
GN_SADT,26.3274048740323,Upregulated
GN_SO4tl,26.3274051011924,Upregulated
GN_SPHMYLN_HsATPte,62.7527902820774,Upregulated
GN_TAURtcx,0.99999393916056,Unchanged
GN_THCHOLSTOICt,35381807.2436501,Upregulated
GN_THMDt2r,182439689.90516,Upregulated
GN_UAGALDP,91.8408044083514,Upregulated
GN_UDPGALtg,28.3346278031169,Upregulated
GN_UGALNACtg,52.3950165918347,Upregulated
GN_XOL7AH3t,17691157.8932819,Upregulated
GN_pac,21.1316567944244,Upregulated
GN_r0178,73.8561638708916,Upregulated
GN_r0394,1.26695599430779,Unchanged
GN_r0409,1.30237517694825,Unchanged
GN_r0431,13.0233363508992,Upregulated
GN_r0432,13.0233363508992,Upregulated
GN_r0444,0.40972194796333,Downregulated
GN_r0610,170.400677770573,Upregulated
GN_r0611,170.400677774912,Upregulated
GN_r1000,0.40972194796333,Downregulated
GN_r1005,13.0233363508992,Upregulated
GN_r1253,0,Unchanged
GN_r1364,13.3387704205658,Upregulated
GN_r1365,13.3387704205658,Upregulated
GN_r1487,0.40972194796333,Downregulated
GN_r2145,0.5,Downregulated
GN_r2329,179365286.559115,Upregulated
GN_r2502,11.5099944551196,Upregulated
GN_r2503,50.7818161704686,Upregulated
GN_r2514,0.409721948208665,Downregulated
GN_sink_4abut[l],36.2072846454122,Upregulated
GN_sink_dhcholestanate[c],13445302.2710091,Upregulated
GN_sink_lnlncacoa[c],0.755631264365363,Unchanged
GN_sink_phe_L[c],1,Unchanged
GN_sink_ser_L[c],0.248428678389651,Downregulated
OO_3SALATAi,473.15059746194,Upregulated
OO_3SALATAim,465.491665703274,Upregulated
OO_3SPYRSP,473.15059746194,Upregulated
OO_3SPYRSPm,465.491665703274,Upregulated
OO_ACACT6p,66.8478206445849,Upregulated
OO_ACACT7p,66.8478206445849,Upregulated
OO_ACALDt,0.0153099033982094,Downregulated
OO_ACGAM2E,52.9552705651225,Upregulated
OO_ALOX15,63.9459059493323,Upregulated
OO_BDHm,918.116944683287,Upregulated
OO_BETBGTtc,1623.30541993053,Upregulated
OO_BHBtm,918.116944683287,Upregulated
OO_BHMT,585.952214389188,Upregulated
OO_C05769te2,394563618.000125,Upregulated
OO_C40CPT1,268850.280189796,Upregulated
OO_C4tcx,364.361570747327,Upregulated
OO_C4x,364.361570747327,Upregulated
OO_CSAPASEly,32.8834284446564,Upregulated
OO_CSCPASEly,32.8834289532046,Upregulated
OO_CSPG_Atly,32.8834284446564,Upregulated
OO_CSPG_Ctly,32.8834289532046,Upregulated
OO_CYSTA,468.900418712808,Upregulated
OO_DCK1n,8.7818745413558e-05,Unchanged
OO_DCT,15.2739451670972,Upregulated
OO_DGSNt,1.32037629235184,Unchanged
OO_DIGALSIDEtl,53.7254393115651,Upregulated
OO_DM_15HPET[r],261.486705990769,Upregulated
OO_DM_15HPET[x],72.8677148406729,Upregulated
OO_DM_melanin_c_,15.2739452299108,Upregulated
OO_DOCOSACTDe,66.7375472047168,Upregulated
OO_DOPAQNISO1,15.2739451618829,Upregulated
OO_FADDPle,6.26421720655885,Upregulated
OO_FAEL184,45.1814177012082,Upregulated
OO_FAOXC101C102m,4.28611265548295,Upregulated
OO_FAOXC102C103x,41.96323524042,Upregulated
OO_FAOXC102C81x,41.96323524042,Upregulated
OO_FAOXC102x,41.96323524042,Upregulated
OO_FAOXC103C102x,41.96323524042,Upregulated
OO_FAOXC123C102x,41.96323524042,Upregulated
OO_FAOXC123x,41.96323524042,Upregulated
OO_FAOXC143C123x,41.96323524042,Upregulated
OO_FAOXC164C143x,41.96323524042,Upregulated
OO_FAOXC164C165x,41.96323524042,Upregulated
OO_FAOXC164x,41.96323524042,Upregulated
OO_FAOXC165C164x,41.96323524042,Upregulated
OO_FAOXC184C164m,6.19101077970633,Upregulated
OO_FAOXC184C164x,41.96323524042,Upregulated
OO_FAOXC2051843x,41.96323524042,Upregulated
OO_FAOXC61x,41.96323524042,Upregulated
OO_FAOXC81C61x,41.96323524042,Upregulated
OO_FATP6t,243181031.982048,Upregulated
OO_FMNALKPle,6.26421720655885,Upregulated
OO_FUMSO3tm,465.491665717942,Upregulated
OO_GALGLUSIDEtg,90.3762352199025,Upregulated
OO_GLA2l,8.31072878757427,Upregulated
OO_GLAl,53.7254393104029,Upregulated
OO_GLCAASE4ly,32.8834284446564,Upregulated
OO_GLCAASE5ly,32.8834289532046,Upregulated
OO_GLCt4,2810808.46856166,Upregulated
OO_GNDc,24.5968178715756,Upregulated
OO_HDD2COAtx,66.847820643992,Upregulated
OO_HMR_0276,110.550353168472,Upregulated
OO_HMR_0392,3.90034346676003,Upregulated
OO_HMR_0482,0.00407645957772785,Unchanged
OO_HMR_0839,5.3628438796822,Upregulated
OO_HMR_0854,5.3628438796822,Upregulated
OO_HMR_0986,261.486705990769,Upregulated
OO_HMR_0987,72.8677148406729,Upregulated
OO_HMR_3094,471.788400440797,Upregulated
OO_HMR_3095,471.788400440797,Upregulated
OO_HMR_3096,471.788400440797,Upregulated
OO_HMR_3097,471.788400440797,Upregulated
OO_HMR_3230,3.79947882042875e-06,Unchanged
OO_HMR_3231,3.79947882042875e-06,Unchanged
OO_HMR_3232,3.79947882042875e-06,Unchanged
OO_HMR_3233,3.79947882042875e-06,Unchanged
OO_HMR_3296,4.28611265548295,Upregulated
OO_HMR_3452,9.97433108282752,Upregulated
OO_HMR_3453,9.97433108282752,Upregulated
OO_HMR_3454,9.97433108320584,Upregulated
OO_HMR_3456,9.97433108282752,Upregulated
OO_HMR_3457,9.97433108320584,Upregulated
OO_HMR_4630,0.172300476416447,Downregulated
OO_HMR_6362,6.43410159156839,Upregulated
OO_ICDHyp,5.86664476598885e-06,Unchanged
OO_LACZe,33.6678431000718,Upregulated
OO_LINKDEG2ly,32.8834342809492,Upregulated
OO_LTC4CP,0.5,Downregulated
OO_MLTHFte2,1.00000187864414,Unchanged
OO_NACHEX1ly,32.8834284446564,Upregulated
OO_NACHEX2ly,32.8834342809492,Upregulated
OO_NACHEXA3ly,32.8834289532046,Upregulated
OO_NACHEXA4ly,32.8834289532046,Upregulated
OO_NACSMCTte,5.4541602373199,Upregulated
OO_NDPK7n,8.78187456480369e-05,Unchanged
OO_NTD7e,6.30651351132472,Upregulated
OO_OCCOAtm,2.17413230013221e-05,Unchanged
OO_P4507B12r,65.0449558991764,Upregulated
OO_PA_HStm,15.2425408075435,Upregulated
OO_PGI,62.0375325594249,Upregulated
OO_PGLc,24.5968185408638,Upregulated
OO_PTVSTtep,9.3932206448244e-07,Unchanged
OO_RE1520M,4.28611274682106,Upregulated
OO_RE1522M,4.28611281213105,Upregulated
OO_RE1525M,4.28611281213105,Upregulated
OO_RE1527M,4.28611274682106,Upregulated
OO_RE1532M,4.28611281213105,Upregulated
OO_RE1534M,4.28611274682106,Upregulated
OO_RE2992M,9.97433108320584,Upregulated
OO_RE3174C,106.108213729436,Upregulated
OO_RE3175C,106.108213735911,Upregulated
OO_RSVtev,9.39322065505621e-07,Unchanged
OO_S4TASE1ly,32.8834284239991,Upregulated
OO_S4TASE2ly,32.8834343104893,Upregulated
OO_SARDHm,560.573057956542,Upregulated
OO_SIAT9g,44.5946425363172,Upregulated
OO_ST8SIA12,44.5946425363172,Upregulated
OO_TMNDNCCOAtx,41.9632352402106,Upregulated
OO_TYRASE,15.2739452299108,Upregulated
OO_UPPN,5.20220299325026,Upregulated
OO_XOL7AONEtr,65.044955896631,Upregulated
OO_XOLTRI27tc,65.044955896631,Upregulated
OO_XYLK,29.465616290223,Upregulated
OO_r0173,0.0370550083050173,Downregulated
OO_r0249,36820535.8261947,Upregulated
OO_r0488,0.219388143362964,Downregulated
OO_r0595,468.900418712808,Upregulated
OO_r0715,66.8478206445849,Upregulated
OO_r0717,66.8478206445849,Upregulated
OO_r0719,66.8478206445849,Upregulated
OO_r0721,66.8478206445849,Upregulated
OO_r0795,468.900418712808,Upregulated
OO_r0840,36820535.8261947,Upregulated
OO_r1252,66.8478206445849,Upregulated
OO_r1260,107.348876586692,Upregulated
OO_r1444,66.8478206445849,Upregulated
OO_r2447,6.4341019333839,Upregulated
OO_sink_C02528[c],104.487299693782,Upregulated
OO_sink_asn_L[c],1.30680400821422,Unchanged
OO_sink_val_L[c],1,Unchanged
SK_34HPLFM,79.7796088376621,Upregulated
SK_34HPLtm,80.3104342648705,Upregulated
SK_3DPHBH2,79.6111936109761,Upregulated
SK_3M4HDXPAC,179.099422254597,Upregulated
SK_3MOX4HOXPGALDOX,0.0449997695859261,Downregulated
SK_3MOXTYROX,179.099422254597,Upregulated
SK_4HBZCOAFm,79.6111936109761,Upregulated
SK_4HBZFm,79.6111936109761,Upregulated
SK_ACNAMt2,9.45011912226751,Upregulated
SK_AHC,27.7300573834419,Upregulated
SK_ARGtD,1,Unchanged
SK_ASPPROASCT1,123850.086196702,Upregulated
SK_ASPt6,123850.086192959,Upregulated
SK_BGAL2l,12.1421095033445,Upregulated
SK_BILIRUBt2,1418109384.12279,Upregulated
SK_BILIRUBtr,9.5575003308611,Upregulated
SK_CE2512te,0.473388369966504,Downregulated
SK_CHSTEROLt2,23.8213398360907,Upregulated
SK_COQ3m,80.1657139875665,Upregulated
SK_COQ5m,80.1657139875665,Upregulated
SK_COQ6m,80.1657139875665,Upregulated
SK_COQ7m,80.1657139875665,Upregulated
SK_COUCOAFm,79.6111936109761,Upregulated
SK_DCMPDA,0.621986796981008,Unchanged
SK_DECDPtm,79.6111935760534,Upregulated
SK_DGK2m,34.0130363795418,Upregulated
SK_DGNSKm,34.0130363795418,Upregulated
SK_DGSNtm,34.0130363795418,Upregulated
SK_DHDPBMTm,79.6111936109761,Upregulated
SK_DNDPt37m,15.3993346676653,Upregulated
SK_DOLGPP_Ler,0.404324851698607,Downregulated
SK_DOPAMT,179.099422254597,Upregulated
SK_DPHMBDCm,79.6111936109761,Upregulated
SK_DPPS,79.6111936109761,Upregulated
SK_FACOAL180i,21.1026951649472,Upregulated
SK_FAOXC121x,0,Unchanged
SK_FAOXC14C14OHm,NaN,Unchanged
SK_FAOXC204,8.11008543541116,Upregulated
SK_FAOXC2242046m,337.741750262523,Upregulated
SK_FAOXC2251836m,1.46656822282596,Unchanged
SK_FAOXC2252053m,1.89854828271518,Unchanged
SK_FAOXC6DCC4DCx,0,Unchanged
SK_GA1tl,12.1421095033445,Upregulated
SK_GD1Cte,12.1421095033445,Upregulated
SK_HBZOPT10m,79.6111936109761,Upregulated
SK_HEXAHBl,12.1421095033445,Upregulated
SK_HMR_0808,78.1094966493815,Upregulated
SK_HMR_0837,302.598888685922,Upregulated
SK_HMR_0844,80.6188701505569,Upregulated
SK_HMR_1311,0.5,Downregulated
SK_HMR_1467,60.5347211482355,Upregulated
SK_HMR_1470,60.5347211482355,Upregulated
SK_HMR_1473,60.5347211482355,Upregulated
SK_HMR_2705,5.67798507789061,Upregulated
SK_HMR_2851,10427249.8408942,Upregulated
SK_HMR_3218,5.67798507107588,Upregulated
SK_HMR_3219,5.67798507107588,Upregulated
SK_HMR_3220,5.67798507107588,Upregulated
SK_HMR_3221,5.67798507107588,Upregulated
SK_HMR_3222,259.875446473118,Upregulated
SK_HMR_3223,259.875446473118,Upregulated
SK_HMR_3224,259.875446473118,Upregulated
SK_HMR_3225,259.875446473118,Upregulated
SK_HMR_3330,0,Unchanged
SK_HMR_3331,0,Unchanged
SK_HMR_3332,0,Unchanged
SK_HMR_3333,0,Unchanged
SK_HMR_3334,0,Unchanged
SK_HMR_3335,0,Unchanged
SK_HMR_3336,0,Unchanged
SK_HMR_3337,0,Unchanged
SK_HMR_3338,0,Unchanged
SK_HMR_3339,0,Unchanged
SK_HMR_3340,0,Unchanged
SK_HMR_3341,0,Unchanged
SK_HMR_3342,0,Unchanged
SK_HMR_3343,0,Unchanged
SK_HMR_3344,0,Unchanged
SK_HMR_3345,0,Unchanged
SK_HMR_3346,0,Unchanged
SK_HMR_3347,0,Unchanged
SK_HMR_3348,0,Unchanged
SK_HMR_3349,0,Unchanged
SK_HMR_3350,0,Unchanged
SK_HMR_3351,0,Unchanged
SK_HMR_3352,0,Unchanged
SK_HMR_3353,0,Unchanged
SK_HMR_6782,80.3104342648705,Upregulated
SK_HMR_6907,98.7694622863113,Upregulated
SK_HMR_6908,98.7694622863113,Upregulated
SK_HMR_6909,98.7694622863113,Upregulated
SK_HMR_6910,98.7694622863113,Upregulated
SK_HMR_9805,671.270368652403,Upregulated
SK_HSD3A2r,13916678.2616411,Upregulated
SK_LPASE,671.270364552806,Upregulated
SK_LPCHOLt,671.270364558696,Upregulated
SK_METS,27.7300573834419,Upregulated
SK_METtec,0.525968440826438,Unchanged
SK_NDP7er,1.20064116349708,Unchanged
SK_NEU310e,12.1421095033445,Upregulated
SK_NEU33e,9.28005503120497,Upregulated
SK_NEU34e,9.28005503120497,Upregulated
SK_NEU36e,9.28005503120497,Upregulated
SK_NEU39e,12.1421095033445,Upregulated
SK_NICRNTtn,24.8180021184819,Upregulated
SK_NNATn,24.8180021182658,Upregulated
SK_PCHOLHSTDe,671.270375023813,Upregulated
SK_PGESr,0.5,Downregulated
SK_PROSTGE2t2r,0.5,Downregulated
SK_Q10H2e,80.0886030486253,Upregulated
SK_RE0452M,15.3993346676653,Upregulated
SK_SFGTH,257.118008316281,Upregulated
SK_T4HCINNMFM,79.6111936109761,Upregulated
SK_TYRTAm,79.7796088179755,Upregulated
SK_UAG2EMAi,302.467610502837,Upregulated
SK_UAG4E,3.20004398357005,Upregulated
SK_UGT1A10r,9.5575003308611,Upregulated
SK_r0202,2,Upregulated
SK_r0652,6764.17760091969,Upregulated
SK_r0915,2.72598679890734e-06,Unchanged
SK_r1078,79.7796088376621,Upregulated
SK_r1262,11.5465539789815,Upregulated
SK_r1292,2.42965754940202e-06,Unchanged
SK_r1429,2,Upregulated
SK_r1459,114579.939193947,Upregulated
