Reaction,FSR,RegulationStatus
AD_5MTHFt2,0.5,Downregulated
AD_ACGAM6PSi,7,Upregulated
AD_ACGAMK,4.79778152655294,Upregulated
AD_ACGAMPM,4.79778152655294,Upregulated
AD_ADMDC,0.01,Downregulated
AD_ASCBt4,2,Upregulated
AD_BAMPPALDOX,0.01,Downregulated
AD_DMATTx,2.24819111191862,Upregulated
AD_DNDPt28m,0.0147199232221217,Downregulated
AD_FAS100COA,0.5,Downregulated
AD_FAS80COA_L,0.5,Downregulated
AD_FRDPtr,2.24819111191862,Upregulated
AD_FTHFLm,0.173350543546555,Downregulated
AD_GRTTx,2.24819111191862,Upregulated
AD_H2Otn,0.5,Downregulated
AD_HMGCOAtx,2,Upregulated
AD_IPDDIx,2.24819111191862,Upregulated
AD_KAS8,0.5,Downregulated
AD_LALDO,2,Upregulated
AD_NDPK4m,0.0299999999999993,Downregulated
AD_NDPK8m,0.03,Downregulated
AD_P450LTB4r,2,Upregulated
AD_PROSTGE2t,0.331691297208539,Downregulated
AD_PSSA2_hs,3.03368610856855,Upregulated
AD_SPRMS,0.01,Downregulated
AD_SQLSr,14,Upregulated
AD_TRDR,0.0147199232221219,Downregulated
AD_r0208,7,Upregulated
AD_r0841,2,Upregulated
AD_r0899,0.01,Downregulated
AD_r1090,0.01,Downregulated
AD_r2436,4.94117647058823,Upregulated
AD_RE3597X,4,Upregulated
AD_PEHSFABPe,3.04,Upregulated
AD_LTHSTRLtr,2.98187171184612,Upregulated
AD_sink_retfa[c],2.51080520347237,Upregulated
AD_GF6PTA,2.23011235442448,Upregulated
AD_L_LACt2r,0.5,Downregulated
AD_UAGDP,4.79778152655294,Upregulated
AD_r0392,2,Upregulated
AD_sink_34dhpac[c],2.5,Upregulated
AD_HMR_0807,0.166666666666667,Downregulated
AD_HMR_0830,0.5,Downregulated
AD_HMR_1135,4,Upregulated
AD_HMR_1242,4,Upregulated
AD_HMR_2611,3.82835349855962,Upregulated
AD_HMR_2612,3.82835349855962,Upregulated
AD_HMR_2634,2,Upregulated
AD_HMR_2673,3.31993299832496,Upregulated
AD_HMR_2712,2.09552664190311,Upregulated
AD_HMR_2713,2.09552664190311,Upregulated
AD_HMR_2727,4.96853567955036,Upregulated
AD_HMR_4078,0.01,Downregulated
AD_HMR_4079,0.01,Downregulated
AD_HMR_5996,0.01,Downregulated
SK_ASPt6,2496146.10882733,Upregulated
SK_BILIRUBt2,16,Upregulated
SK_BILIRUBtr,0.5,Downregulated
SK_CHSTEROLt2,16,Upregulated
SK_DGK2m,0.5,Downregulated
SK_DGNSKm,0.5,Downregulated
SK_DGSNtm,0.5,Downregulated
SK_DOLGPP_Ler,0.0613184260909816,Downregulated
SK_FACOAL180i,0.01,Downregulated
SK_FAOXC204,0.03,Downregulated
SK_FAOXC2242046m,0.01,Downregulated
SK_FAOXC2251836m,0.01,Downregulated
SK_FAOXC2252053m,0.015,Downregulated
SK_GD1Cte,0.333333333333333,Downregulated
SK_HSD3A2r,2,Upregulated
SK_METS,0.01,Downregulated
SK_NDP7er,0.0714285714285714,Downregulated
SK_NICRNTtn,2,Upregulated
SK_NNATn,2,Upregulated
SK_PGESr,0.5,Downregulated
SK_UAG2EMAi,2.53695907908943,Upregulated
SK_UGT1A10r,0.5,Downregulated
SK_r0202,2,Upregulated
SK_r0652,2,Upregulated
SK_r0915,0.5,Downregulated
SK_r1262,0.01,Downregulated
SK_r1292,0.5,Downregulated
SK_r1429,2,Upregulated
SK_r1459,0.5,Downregulated
SK_ASPPROASCT1,2496146.10882733,Upregulated
SK_ACNAMt2,0.333333333333333,Downregulated
SK_PROSTGE2t2r,0.5,Downregulated
SK_UAG4E,0.419662501022417,Downregulated
SK_DCMPDA,0.5,Downregulated
SK_AHC,0.01,Downregulated
SK_BGAL2l,0.333333333333333,Downregulated
SK_GA1tl,0.333333333333333,Downregulated
SK_HEXAHBl,0.333333333333333,Downregulated
SK_NEU310e,0.333333333333333,Downregulated
SK_NEU33e,0.333333333333333,Downregulated
SK_NEU34e,0.333333333333333,Downregulated
SK_NEU36e,0.333333333333333,Downregulated
SK_NEU39e,0.333333333333333,Downregulated
SK_HMR_0808,6,Upregulated
SK_HMR_0837,2.53695907908943,Upregulated
SK_HMR_0844,3,Upregulated
SK_HMR_1311,0.5,Downregulated
SK_HMR_1470,2.36463102974063,Upregulated
SK_HMR_1473,2.36463102974063,Upregulated
SK_HMR_1467,2.36463102974063,Upregulated
GN_4ABUTtm,2,Upregulated
GN_ABTArm,2,Upregulated
GN_ACGALK,2.71264367816092,Upregulated
GN_ADSK,3,Upregulated
GN_ARACHDtr,0.02,Downregulated
GN_C204CRNt,3,Upregulated
GN_C226CPT1,0.238095238095238,Downregulated
GN_C226CPT2,0.238095238095238,Downregulated
GN_CERT2rt,0.2499572268867,Downregulated
GN_CKc,100,Upregulated
GN_CLPNDCRNt,15,Upregulated
GN_CSEPASEly,2.11764705882353,Upregulated
GN_CSPG_Etly,2.11764705882353,Upregulated
GN_DESAT18_4,0.416666666666667,Downregulated
GN_DESAT18_7,2.50000000000001,Upregulated
GN_D_LACt2,2,Upregulated
GN_EICOSTETCRNt,15,Upregulated
GN_FACOAL204,0.01,Downregulated
GN_FAEL183,0.451467268623025,Downregulated
GN_FAEL205,0.442233278054174,Downregulated
GN_FORt2m,6.12283645623884,Upregulated
GN_GALASE19ly,4,Upregulated
GN_GALNTg,4,Upregulated
GN_GALSIDEtl,2.11111111111111,Upregulated
GN_GLCAASE7ly,2.11764705882353,Upregulated
GN_LINKDEG4ly,2.11764705882353,Upregulated
GN_LNELDCCPT1,2.5,Upregulated
GN_LNLNCGCRNt,2.25,Upregulated
GN_NACHEXA7ly,2.11764705882353,Upregulated
GN_NACHEXA8ly,2.11764705882353,Upregulated
GN_NAGA2ly,4,Upregulated
GN_NAGLCAly,4,Upregulated
GN_O2Stm,3.00000000000002,Upregulated
GN_PAPStg,3,Upregulated
GN_PAPtg,3,Upregulated
GN_PGS,0.0132669983416252,Downregulated
GN_PGSr,0.02,Downregulated
GN_SADT,3,Upregulated
GN_SO4tl,3,Upregulated
GN_TAURtcx,0.5,Downregulated
GN_UAGALDP,2.71264367816092,Upregulated
GN_UDPGALtg,2.4,Upregulated
GN_UGALNACtg,2.5,Upregulated
GN_r0178,2,Upregulated
GN_r0394,0.5,Downregulated
GN_r0409,2,Upregulated
GN_r0431,2,Upregulated
GN_r0432,2,Upregulated
GN_r0444,0.333333333333333,Downregulated
GN_r0610,2,Upregulated
GN_r0611,2,Upregulated
GN_r1000,0.333333333333333,Downregulated
GN_r1005,2,Upregulated
GN_r1364,0.333333333333333,Downregulated
GN_r1365,0.333333333333333,Downregulated
GN_r1487,0.333333333333333,Downregulated
GN_r2145,0.5,Downregulated
GN_r2329,2.65339966832504,Upregulated
GN_r2502,0.369481132075472,Downregulated
GN_r2514,0.333333333333333,Downregulated
GN_RE1518X,0.387641868071936,Downregulated
GN_RE1520X,0.387641868071936,Downregulated
GN_RE1521X,0.387641868071936,Downregulated
GN_RE1522X,0.387641868071936,Downregulated
GN_RE1525X,0.387641868071936,Downregulated
GN_RE1526X,0.387641868071936,Downregulated
GN_RE1527X,0.387641868071936,Downregulated
GN_RE1532X,0.387641868071936,Downregulated
GN_RE1533X,0.387641868071936,Downregulated
GN_RE1534X,0.387641868071936,Downregulated
GN_RE1573X,0.387641868071936,Downregulated
GN_RE1796R,6.82577889111658,Upregulated
GN_RE2069C,0.0132669983416252,Downregulated
GN_RE3103C,0.416666666666667,Downregulated
GN_RE3104C,0.416666666666667,Downregulated
GN_RE3119C,0.333333333333333,Downregulated
GN_RE3120C,0.333333333333333,Downregulated
GN_RE3121C,0.333333333333333,Downregulated
GN_RE3122C,0.333333333333333,Downregulated
GN_FAOXC101x,0.387641868071936,Downregulated
GN_FAOXC185C164m,2.14285714285715,Upregulated
GN_FAOXC185m,2.14285714285715,Upregulated
GN_FAOXC205C185m,2.14285714285715,Upregulated
GN_FAOXC226C205m,2.14285714285715,Upregulated
GN_FAOXC226C227m,2.14285714285715,Upregulated
GN_FAOXC226m,2.14285714285715,Upregulated
GN_FAOXC227C226m,2.14285714285715,Upregulated
GN_OCT11EFATP,0.416666666666667,Downregulated
GN_OLEICFATPtc,0.01,Downregulated
GN_ARACHDFATPtc,0.01,Downregulated
GN_GSNt2r,0.5,Downregulated
GN_CHSTEROLt,6.01986797315675,Upregulated
GN_pac,2,Upregulated
GN_MLTHFtm,12.2456729124777,Upregulated
GN_DDCAte,2,Upregulated
GN_sink_lnlncacoa[c],0.5,Downregulated
GN_sink_dhcholestanate[c],2,Upregulated
GN_THCHOLSTOICt,2,Upregulated
GN_XOL7AH3t,2,Upregulated
GN_BPNT,3,Upregulated
GN_DURIPP,0.3975,Downregulated
GN_GHMT2r,2,Upregulated
GN_PUNP4,2,Upregulated
GN_THMDt2r,2.98891057960461,Upregulated
GN_SPHMYLN_HsATPte,2.19946766926397,Upregulated
GN_2OBUTt,0.5,Downregulated
GN_BGAL1l,2.66666666666667,Upregulated
GN_NEU11l,2.66666666666667,Upregulated
GN_DM_pcreat[c],100,Upregulated
GN_HMR_0261,0.416666666666667,Downregulated
GN_HMR_0267,0.238095238095238,Downregulated
GN_HMR_0815,3.04761904761905,Upregulated
GN_HMR_0816,4.57142857142857,Upregulated
GN_HMR_0835,2.66666666666667,Upregulated
GN_HMR_0836,2.66666666666667,Upregulated
GN_HMR_1305,0.02,Downregulated
GN_HMR_1307,0.02,Downregulated
GN_HMR_2374,0.416666666666667,Downregulated
GN_HMR_2376,0.416666666666667,Downregulated
GN_HMR_2744,12,Upregulated
GN_HMR_2753,3,Upregulated
GN_HMR_2760,3,Upregulated
GN_HMR_3322,0.387641868071936,Downregulated
GN_HMR_7703,0.352380952380952,Downregulated
GN_CYOOm3i,3,Upregulated
OO_3SALATAi,5.99838831193896,Upregulated
OO_3SALATAim,5.99825387500407,Upregulated
OO_3SPYRSP,5.99838831193896,Upregulated
OO_3SPYRSPm,5.99825387500407,Upregulated
OO_ACACT6p,0.395462587157873,Downregulated
OO_ACACT7p,0.395462587157873,Downregulated
OO_ALOX15,0.0116279069767442,Downregulated
OO_BDHm,0.5,Downregulated
OO_BHBtm,0.5,Downregulated
OO_BHMT,41.6666666666667,Upregulated
OO_CSAPASEly,0.495689655172414,Downregulated
OO_CSCPASEly,0.495689655172414,Downregulated
OO_CSPG_Atly,0.495689655172414,Downregulated
OO_CSPG_Ctly,0.495689655172414,Downregulated
OO_CYSTA,5.99825387500407,Upregulated
OO_DCK1n,2,Upregulated
OO_DCT,2,Upregulated
OO_DGSNt,2,Upregulated
OO_DIGALSIDEtl,2,Upregulated
OO_DM_melanin_c_,2,Upregulated
OO_DOPAQNISO1,2,Upregulated
OO_FAEL184,0.257575757575758,Downregulated
OO_FATP6t,2,Upregulated
OO_FUMSO3tm,5.99825387500407,Upregulated
OO_GALGLUSIDEtg,5.25,Upregulated
OO_GLAl,2,Upregulated
OO_GLCAASE4ly,0.495689655172414,Downregulated
OO_GLCAASE5ly,0.495689655172414,Downregulated
OO_HDD2COAtx,0.395462587157873,Downregulated
OO_ICDHyp,2.33333333333333,Upregulated
OO_LACZe,2,Upregulated
OO_LINKDEG2ly,0.495689655172414,Downregulated
OO_LTC4CP,0.5,Downregulated
OO_NACHEX1ly,0.495689655172414,Downregulated
OO_NACHEX2ly,0.495689655172414,Downregulated
OO_NACHEXA3ly,0.495689655172414,Downregulated
OO_NACHEXA4ly,0.495689655172414,Downregulated
OO_NTD7e,2,Upregulated
OO_OCCOAtm,0.291666666666667,Downregulated
OO_P4507B12r,0.149290850375308,Downregulated
OO_S4TASE1ly,0.495689655172414,Downregulated
OO_S4TASE2ly,0.495689655172414,Downregulated
OO_SARDHm,0.416666666666667,Downregulated
OO_SIAT9g,2.17543859649123,Upregulated
OO_ST8SIA12,2.17543859649123,Upregulated
OO_TYRASE,2,Upregulated
OO_UPPN,0.3975,Downregulated
OO_XOL7AONEtr,0.149290850375308,Downregulated
OO_XOLTRI27tc,0.149290850375308,Downregulated
OO_XYLK,0.352380952380952,Downregulated
OO_r0173,0.5,Downregulated
OO_r0249,2,Upregulated
OO_r0488,0.5,Downregulated
OO_r0595,5.99825387500407,Upregulated
OO_r0715,0.395462587157873,Downregulated
OO_r0717,0.395462587157873,Downregulated
OO_r0719,0.395462587157873,Downregulated
OO_r0721,0.395462587157873,Downregulated
OO_r0795,5.99825387500407,Upregulated
OO_r0840,2,Upregulated
OO_r1252,0.395462587157873,Downregulated
OO_r1260,2,Upregulated
OO_r1444,0.395462587157873,Downregulated
OO_r2447,0.3975,Downregulated
OO_RE1520M,0.4337899543379,Downregulated
OO_RE1522M,0.4337899543379,Downregulated
OO_RE1525M,0.4337899543379,Downregulated
OO_RE1527M,0.4337899543379,Downregulated
OO_RE1532M,0.4337899543379,Downregulated
OO_RE1534M,0.4337899543379,Downregulated
OO_RE2992M,0.4337899543379,Downregulated
OO_C40CPT1,2,Upregulated
OO_C4tcx,3.93876708327878,Upregulated
OO_C4x,3.93876708327878,Upregulated
OO_FAOXC101C102m,0.4337899543379,Downregulated
OO_FAOXC184C164m,0.431034482758621,Downregulated
OO_FADDPle,2,Upregulated
OO_FMNALKPle,2,Upregulated
OO_GNDc,0.338303605701303,Downregulated
OO_PGLc,0.333333333333333,Downregulated
OO_BETBGTtc,100,Upregulated
OO_NACSMCTte,0.5,Downregulated
OO_PA_HStm,0.340339808617455,Downregulated
OO_sink_C02528[c],2,Upregulated
OO_PGI,0.5,Downregulated
OO_ACGAM2E,2.45254245018657,Upregulated
OO_ACALDt,0.5,Downregulated
OO_MLTHFte2,2,Upregulated
OO_C05769te2,4,Upregulated
OO_GLA2l,0.25,Downregulated
OO_DM_15HPET[x],0.01,Downregulated
OO_DM_15HPET[r],0.01,Downregulated
OO_HMR_0276,9,Upregulated
OO_HMR_0392,0.106060606060606,Downregulated
OO_HMR_0482,0.171161066813714,Downregulated
OO_HMR_0839,0.210023581700199,Downregulated
OO_HMR_0854,0.210023581700199,Downregulated
OO_HMR_0986,0.01,Downregulated
OO_HMR_0987,0.01,Downregulated
OO_HMR_3094,0.188172043010753,Downregulated
OO_HMR_3095,0.188172043010753,Downregulated
OO_HMR_3096,0.188172043010753,Downregulated
OO_HMR_3097,0.188172043010753,Downregulated
OO_HMR_3230,0.431034482758621,Downregulated
OO_HMR_3231,0.431034482758621,Downregulated
OO_HMR_3232,0.431034482758621,Downregulated
OO_HMR_3233,0.431034482758621,Downregulated
OO_HMR_3296,0.4337899543379,Downregulated
OO_HMR_3452,0.4337899543379,Downregulated
OO_HMR_3453,0.4337899543379,Downregulated
OO_HMR_3454,0.4337899543379,Downregulated
OO_HMR_3456,0.4337899543379,Downregulated
OO_HMR_3457,0.4337899543379,Downregulated
OO_HMR_4630,0.333333333333333,Downregulated
OO_HMR_6362,0.3975,Downregulated
OO_PTVSTtep,0.5,Downregulated
OO_RSVtev,0.5,Downregulated
OO_sink_asn_L[c],2,Upregulated
EN_APRTO2,100,Upregulated
EN_BETALDHxm,0.169167963552715,Downregulated
EN_CHOLD2m,0.169167963552715,Downregulated
EN_DALAt2r,2,Upregulated
EN_DOLGLCP_Lter,0.0617283950617284,Downregulated
EN_FADH2tru,7.43321388844402,Upregulated
EN_FADtru,7.43321388844402,Upregulated
EN_G6PPer,2,Upregulated
EN_GLB1,0.5,Downregulated
EN_GLYBtm,0.169167963552712,Downregulated
EN_LYSt4,100,Upregulated
EN_MI1PS,2.98728230727803,Upregulated
EN_NABTNO,100,Upregulated
EN_PPAer,2,Upregulated
EN_PSSA1_hs,2,Upregulated
EN_PTRCAT1,100,Upregulated
EN_RDH3,2,Upregulated
EN_UDPDOLPT_L,0.0617283950617284,Downregulated
EN_UGCG,3.12282370484906,Upregulated
EN_VLCS2p,0.444444444444444,Downregulated
EN_r0022,2,Upregulated
EN_r0224,0.0118970532754623,Downregulated
EN_r1664,101,Upregulated
EN_RE3010M,2,Upregulated
EN_RE3597C,3,Upregulated
EN_C30CPT1,0.5,Downregulated
EN_AHCYSte,2,Upregulated
EN_LCAT10e,0.400371810630333,Downregulated
EN_LCAT11e,0.400371810630334,Downregulated
EN_LCAT15e,0.400371810630333,Downregulated
EN_LCAT34e,0.400371810630333,Downregulated
EN_LCAT50e,0.400371810630333,Downregulated
EN_LCAT7e,0.400371810630333,Downregulated
EN_sink_gchola[c],0.5,Downregulated
EN_sink_xol7aone[c],2,Upregulated
EN_ACONT,2,Upregulated
EN_FUM,2,Upregulated
EN_H2CO3D,2,Upregulated
EN_PUNP7,2.07584381865388,Upregulated
EN_UREAt,2.07584381865388,Upregulated
EN_ABUTD,100,Upregulated
EN_MI3PP,2.98728230727803,Upregulated
EN_ORNDC,100,Upregulated
EN_HMR_0761,3.12282370484906,Upregulated
EN_HMR_0770,2,Upregulated
EN_HMR_0803,6,Upregulated
EN_HMR_0847,0.125,Downregulated
EN_HMR_1565,8.01967372398992,Upregulated
EN_HMR_4278,0.5,Downregulated
EN_HMR_4696,33.8333333333333,Upregulated
EN_HMR_6511,7.43321388844402,Upregulated
EN_HMR_6572,2.98728230727803,Upregulated
EN_3DHCDCHOLt,2,Upregulated
EN_3DHCHOLt,2,Upregulated
EN_3DHDCAt,2,Upregulated
EN_3DHLCAt,2,Upregulated
EN_HYOCHOLt,2,Upregulated
EN_THYOCHOLt,2,Upregulated
EN_UDCHOLt,2,Upregulated
EN_sink_gln_L[c],2,Upregulated
