commonRxns,FSR_PC,Status_PC
AD_5MTHFt2,1.8250272607645e-07,Unchanged
AD_ACGAM6PSi,45.6844352698392,Upregulated
AD_ACGAMK,3.12994284452804,Upregulated
AD_ACGAMPM,4.47424000056009,Upregulated
AD_ADMDC,0.677066212271066,Unchanged
AD_ASCBt4,1666701.94406797,Upregulated
AD_BAMPPALDOX,0.676626510319616,Unchanged
AD_DMATTx,1.09531852772052,Unchanged
AD_DNDPt28m,0.397613121045042,Downregulated
AD_FAOXC161C141m,NaN,Unchanged
AD_FAS100COA,64970.2926782418,Upregulated
AD_FAS80COA_L,26.082242212886,Upregulated
AD_FRDPtr,1.09531852772052,Unchanged
AD_FTHFLm,0.0496718047819707,Downregulated
AD_GF6PTA,3.88403173509979,Upregulated
AD_GLYPROt,1,Unchanged
AD_GRTTx,1.09531852772052,Unchanged
AD_H2Otn,4.6271161701345e-07,Unchanged
AD_HMGCOAtx,959.489411916733,Upregulated
AD_HMR_0197,0.299502881141521,Downregulated
AD_HMR_0807,0.173559460292709,Downregulated
AD_HMR_0830,0.0944942235131893,Downregulated
AD_HMR_1135,28127116.2675809,Upregulated
AD_HMR_1242,28127116.2675809,Upregulated
AD_HMR_1526,0.0465356363783218,Downregulated
AD_HMR_2018,0,Unchanged
AD_HMR_2281,1408224.6738797,Upregulated
AD_HMR_2611,1228740.23565863,Upregulated
AD_HMR_2612,13330661.0931136,Upregulated
AD_HMR_2634,12599881.641877,Upregulated
AD_HMR_2673,16206061.2692255,Upregulated
AD_HMR_2712,2360293.51201488,Upregulated
AD_HMR_2713,2360293.51201488,Upregulated
AD_HMR_2727,6570079.68009251,Upregulated
AD_HMR_4078,0.676626611097364,Unchanged
AD_HMR_4079,0.676626483637277,Unchanged
AD_HMR_5996,0.01,Downregulated
AD_IPDDIx,1.09531852772052,Unchanged
AD_KAS8,11.3126111124504,Upregulated
AD_LALDO,1.00001564321042,Unchanged
AD_LPS6e,2.58232777117384,Upregulated
AD_LTHSTRLtr,3.44343839289575,Upregulated
AD_L_LACt2r,4.03705141148299e-06,Unchanged
AD_NDPK4m,0.239998835537728,Downregulated
AD_NDPK8m,0.239998856715882,Downregulated
AD_P450LTB4r,7.5775735386146,Upregulated
AD_PEHSFABPe,1.84646947393074,Unchanged
AD_PROGLyt,1,Unchanged
AD_PROSTGE2t,0.912901430833828,Unchanged
AD_PSSA2_hs,4.5949680093257,Upregulated
AD_RE3597X,28127116.2675809,Upregulated
AD_SPRMS,0.676626611097364,Unchanged
AD_SQLSr,71426332.986716,Upregulated
AD_TRDR,0.499641415040062,Downregulated
AD_UAGDP,4.47424000056009,Upregulated
AD_r0208,25.1249545380987,Upregulated
AD_r0392,1.04230213521126,Unchanged
AD_r0841,5.19467887150433,Upregulated
AD_r0899,0.677066225771326,Unchanged
AD_r1090,0.01,Downregulated
AD_r2436,13964584.284101,Upregulated
AD_sink_34dhpac[c],61.4610641323686,Upregulated
AD_sink_retfa[c],3.13803296030256,Upregulated
EN_3DHCDCHOLt,1.00000056029151,Unchanged
EN_3DHCHOLt,1.00000056029158,Unchanged
EN_3DHDCAt,1.00000056029151,Unchanged
EN_3DHLCAt,1.00000056029152,Unchanged
EN_ABUTD,3.85693540407749,Upregulated
EN_ACONT,1259678.15123056,Upregulated
EN_ADPACDAc,0,Unchanged
EN_AHCYSte,9.00535513064463,Upregulated
EN_APRTO2,5.33239185403207,Upregulated
EN_BETALDHxm,0.692824546238046,Unchanged
EN_C10DCc,0.17108037346658,Downregulated
EN_C30CPT1,5.86636264722301e-07,Unchanged
EN_C6DCc,0,Unchanged
EN_CDSm,357.881229961059,Upregulated
EN_CHOLD2m,0.692824546238046,Unchanged
EN_CYTK1m,357.881229961059,Upregulated
EN_DALAt2r,2,Upregulated
EN_DOLGLCP_Lter,0.027029321547743,Downregulated
EN_FADH2tru,17.7296340244888,Upregulated
EN_FADtru,17.7296340244888,Upregulated
EN_FUM,1259678.14883481,Upregulated
EN_G6PPer,4.75296003269,Upregulated
EN_GLB1,0.181538396364648,Downregulated
EN_GLYBtm,0.692824546238046,Unchanged
EN_GLYKm,357.881229961059,Upregulated
EN_H2CO3D,7381533.70969845,Upregulated
EN_HMR_0182,NaN,Unchanged
EN_HMR_0321,4.93550454149368,Upregulated
EN_HMR_0582,357.881229961059,Upregulated
EN_HMR_0761,3.64054639612123,Upregulated
EN_HMR_0770,1.00000008902616,Unchanged
EN_HMR_0803,6.22767488880003,Upregulated
EN_HMR_0847,0.302566588538302,Downregulated
EN_HMR_1565,3.54792192347358e-05,Unchanged
EN_HMR_1766,61.0028919212097,Upregulated
EN_HMR_1769,61.0196897879143,Upregulated
EN_HMR_1771,61.0196897879143,Upregulated
EN_HMR_4278,5.81086223117959e-07,Unchanged
EN_HMR_4696,1.86753148042111,Unchanged
EN_HMR_6511,17.729634034374,Upregulated
EN_HMR_6572,13453190.6140586,Upregulated
EN_HYOCHOLt,1.00000056029151,Unchanged
EN_LCAT10e,1.94871798348334,Unchanged
EN_LCAT11e,1.94871891329021,Unchanged
EN_LCAT15e,1.94871814982308,Unchanged
EN_LCAT23e,18.9304910929853,Upregulated
EN_LCAT34e,1.94745341832509,Unchanged
EN_LCAT50e,1.94871883954606,Unchanged
EN_LCAT7e,1.94871876524361,Unchanged
EN_LYSt4,5865800.23258193,Upregulated
EN_MI1PS,13453190.5669215,Upregulated
EN_MI3PP,13453190.6420281,Upregulated
EN_NABTNO,5.33239185403207,Upregulated
EN_NDPK3m,357.881229961059,Upregulated
EN_NTD2e,1.39310229937429,Unchanged
EN_ORNDC,5.33092671900036,Upregulated
EN_PGLYCtm,357.881229961059,Upregulated
EN_PGPP_hs,358.772997004362,Upregulated
EN_PGPP_hsc,357.881229961059,Upregulated
EN_PPAer,2.29983761564913,Upregulated
EN_PSSA1_hs,9077.39999714052,Upregulated
EN_PTRCAT1,5.33239185403207,Upregulated
EN_PUNP7,4.41308336211946,Upregulated
EN_RDH3,2,Upregulated
EN_RE3010M,1.00000229209229,Unchanged
EN_RE3597C,12441263.5120786,Upregulated
EN_SEBACACT,0.171080373353758,Downregulated
EN_THYOCHOLt,1.0000005602915,Unchanged
EN_UDCHOLt,1.00000056029149,Unchanged
EN_UDPDOLPT_L,0.027029321547743,Downregulated
EN_UGCG,3.63818229221872,Upregulated
EN_UREAt,4881853.30763598,Upregulated
EN_VLCS2p,0.913127103949474,Unchanged
EN_XOLEST183CEH,18.9304910929853,Upregulated
EN_XOLEST183te,18.9304910929853,Upregulated
EN_XOLEST183tl,18.9304910929853,Upregulated
EN_r0022,1677401.48043932,Upregulated
EN_r0051,1.30872155342258,Unchanged
EN_r0166,1.30872155342258,Unchanged
EN_r0224,0.0160819979514763,Downregulated
EN_r0726,0,Unchanged
EN_r0743,20.005187133962,Upregulated
EN_r1298,18.9304910929853,Upregulated
EN_r1645,1.01850220844194,Unchanged
EN_r1664,18.189894767247,Upregulated
EN_sink_gchola[c],1.73816788844595e-07,Unchanged
EN_sink_gln_L[c],193009.772430065,Upregulated
EN_sink_pro_L[c],1,Unchanged
EN_sink_xol7aone[c],0.553947910078047,Unchanged
GN_2OBUTt,7.71607052209188e-06,Unchanged
GN_4ABUTtm,0.870615426856673,Unchanged
GN_ABTArm,0.870615426856673,Unchanged
GN_ABUTt2rL,0.424072142399293,Downregulated
GN_ACACT10m,0,Unchanged
GN_ACACT9p,0.0726934819361759,Downregulated
GN_ACGALK,1.07515891641775,Unchanged
GN_ACMPthc,0,Unchanged
GN_ADSK,0.30343105362691,Downregulated
GN_ARACHDFATPtc,0.131219981854941,Downregulated
GN_ARACHDtr,0.149420324100955,Downregulated
GN_BGAL1l,0.707483447586895,Unchanged
GN_BPNT,0.303411779378858,Downregulated
GN_C204CRNt,7010667.5385796,Upregulated
GN_C226CPT1,0.000806157393579237,Unchanged
GN_C226CPT2,0.00080615750339807,Unchanged
GN_CERT2rt,0.0214786341847674,Downregulated
GN_CHSTEROLt,0.0618979132010102,Downregulated
GN_CKc,0.11808720320777,Downregulated
GN_CLPNDCRNt,12410666.1416548,Upregulated
GN_CSEPASEly,0.246403535138392,Downregulated
GN_CSPG_Etly,0.246403535138392,Downregulated
GN_CYOOm3i,0.10906378881785,Downregulated
GN_DDCAte,14.8033839516319,Upregulated
GN_DESAT18_4,0.0483935293013937,Downregulated
GN_DESAT18_7,0.0792590603926165,Downregulated
GN_DM_pcreat[c],0.11808720320777,Downregulated
GN_DURIPP,0.0597232388464332,Downregulated
GN_D_LACt2,2.12686057834655,Upregulated
GN_ECOAH9m,0,Unchanged
GN_EICOSTETCRNt,12410666.3487173,Upregulated
GN_FACOAL170,0,Unchanged
GN_FACOAL204,0.131219996628008,Downregulated
GN_FAEL183,0.0714234208915209,Downregulated
GN_FAEL205,0.115517053141293,Downregulated
GN_FAOXC101x,0.12865197408344,Downregulated
GN_FAOXC185C164m,0.0635564644612765,Downregulated
GN_FAOXC185m,0.0635564644612765,Downregulated
GN_FAOXC205C185m,0.0635564644612765,Downregulated
GN_FAOXC226C205m,0.0635564644612765,Downregulated
GN_FAOXC226C227m,0.0635564644612765,Downregulated
GN_FAOXC226m,0.0635564644612765,Downregulated
GN_FAOXC227C226m,0.0635564644612765,Downregulated
GN_FAOXC5C5OHm,0,Unchanged
GN_FATP3t,0.0128611689389095,Downregulated
GN_FORt2m,1.87333416183517,Unchanged
GN_GALASE19ly,0.663547307346331,Unchanged
GN_GALNTg,0.663547307346331,Unchanged
GN_GALSIDEtl,0.503151023162233,Unchanged
GN_GHMT2r,6893909.43166571,Upregulated
GN_GLCAASE7ly,0.246403535138392,Downregulated
GN_GLXO1,0.0650242213838299,Downregulated
GN_GSNt2r,4.26678010545988,Upregulated
GN_HACD9m,0,Unchanged
GN_HEXCCOAtx,0.0726934819361759,Downregulated
GN_HMR_0261,0.0717449044602792,Downregulated
GN_HMR_0267,0.212246812216382,Downregulated
GN_HMR_0317,0.279760225758872,Downregulated
GN_HMR_0815,1.09674022350197,Unchanged
GN_HMR_0816,2.72487729659226,Upregulated
GN_HMR_0835,0.707483447586895,Unchanged
GN_HMR_0836,0.707483447586895,Unchanged
GN_HMR_1305,0.0734500131435387,Downregulated
GN_HMR_1307,0.0734500131435387,Downregulated
GN_HMR_2211,0.0856157674691527,Downregulated
GN_HMR_2215,0.0726934819361759,Downregulated
GN_HMR_2217,0.0726934819361759,Downregulated
GN_HMR_2218,0.0726934819361759,Downregulated
GN_HMR_2219,0.0726934819361759,Downregulated
GN_HMR_2374,0.0981680990218143,Downregulated
GN_HMR_2376,0.0981680990218143,Downregulated
GN_HMR_2704,0,Unchanged
GN_HMR_2744,12291565.9313416,Upregulated
GN_HMR_2753,7014212.34359824,Upregulated
GN_HMR_2760,7012121.19659334,Upregulated
GN_HMR_2817,0,Unchanged
GN_HMR_3057,0.0726934819361759,Downregulated
GN_HMR_3058,0.0726934819361759,Downregulated
GN_HMR_3059,0.0726934819361759,Downregulated
GN_HMR_3062,0.0726934819361759,Downregulated
GN_HMR_3063,0.0726934819361759,Downregulated
GN_HMR_3064,0.0726934819361759,Downregulated
GN_HMR_3065,0.0726934819361759,Downregulated
GN_HMR_3066,0.0726934819361759,Downregulated
GN_HMR_3067,0.0726934819361759,Downregulated
GN_HMR_3068,0.0726934819361759,Downregulated
GN_HMR_3069,0.0726934819361759,Downregulated
GN_HMR_3070,0.0726934819361759,Downregulated
GN_HMR_3071,0.0726934819361759,Downregulated
GN_HMR_3072,0.0726934819361759,Downregulated
GN_HMR_3073,0.0726934819361759,Downregulated
GN_HMR_3107,0,Unchanged
GN_HMR_3108,0,Unchanged
GN_HMR_3109,0,Unchanged
GN_HMR_3110,0,Unchanged
GN_HMR_3111,0,Unchanged
GN_HMR_3112,0,Unchanged
GN_HMR_3113,0,Unchanged
GN_HMR_3114,0,Unchanged
GN_HMR_3115,0,Unchanged
GN_HMR_3116,0,Unchanged
GN_HMR_3117,0,Unchanged
GN_HMR_3118,0,Unchanged
GN_HMR_3322,0.12865197408344,Downregulated
GN_HMR_7703,0.0650242214155052,Downregulated
GN_LINKDEG4ly,0.246403535138392,Downregulated
GN_LNELDCCPT1,0.106072758107141,Downregulated
GN_LNLNCGCRNt,4414245.1129796,Upregulated
GN_MLTHFtm,2.78665502720766,Upregulated
GN_NACHEXA7ly,0.246403535138392,Downregulated
GN_NACHEXA8ly,0.246403535138392,Downregulated
GN_NAGA2ly,0.663547307346331,Unchanged
GN_NAGLCAly,0.663547307346331,Unchanged
GN_NEU11l,0.707483447586895,Unchanged
GN_O2Stm,0.109110088408127,Downregulated
GN_OCT11EFATP,0.0717449044602792,Downregulated
GN_OLEICFATPtc,0.236437642085043,Downregulated
GN_PAPStg,0.30343105362691,Downregulated
GN_PAPtg,0.303411779378858,Downregulated
GN_PGS,0.0775264866120506,Downregulated
GN_PGSr,0.0783185780844226,Downregulated
GN_PUNP4,1.45603605122099,Unchanged
GN_RE0574C,0.0856157674691527,Downregulated
GN_RE0575C,0.0856157674691527,Downregulated
GN_RE0576C,0.0856157674691527,Downregulated
GN_RE0578C,0.303085501675089,Downregulated
GN_RE1342C,4.84862728167371,Upregulated
GN_RE1518X,0.12865197408344,Downregulated
GN_RE1520X,0.128651974079041,Downregulated
GN_RE1521X,0.128651974079041,Downregulated
GN_RE1522X,0.128651974079041,Downregulated
GN_RE1525X,0.128651974079041,Downregulated
GN_RE1526X,0.128651974079041,Downregulated
GN_RE1527X,0.128651974079041,Downregulated
GN_RE1532X,0.128651974079041,Downregulated
GN_RE1533X,0.128651974079041,Downregulated
GN_RE1534X,0.128651974079041,Downregulated
GN_RE1573X,0.128651974079041,Downregulated
GN_RE1796R,108589013.203448,Upregulated
GN_RE2069C,0.0751621365882446,Downregulated
GN_RE2954C,0.0759426701751423,Downregulated
GN_RE3103C,0.0981680990218143,Downregulated
GN_RE3104C,0.0981680990218143,Downregulated
GN_RE3119C,0.363194738148345,Downregulated
GN_RE3120C,0.363194738148345,Downregulated
GN_RE3121C,0.363194738148345,Downregulated
GN_RE3122C,0.363194738148345,Downregulated
GN_SADT,0.30343105362691,Downregulated
GN_SO4tl,0.303431046597004,Downregulated
GN_SPHMYLN_HsATPte,0.724826545566838,Unchanged
GN_TAURtcx,0.999935358521629,Unchanged
GN_THCHOLSTOICt,3314583.1848416,Upregulated
GN_THMDt2r,17094029.0989854,Upregulated
GN_UAGALDP,1.07515891641775,Unchanged
GN_UDPGALtg,0.327971844746437,Downregulated
GN_UGALNACtg,0.605460304132754,Unchanged
GN_XOL7AH3t,1657294.34441093,Upregulated
GN_pac,0.239593633180112,Downregulated
GN_r0178,0.870615426856673,Unchanged
GN_r0394,1.45598754694639,Unchanged
GN_r0409,1.30236864194437,Unchanged
GN_r0431,0.15308899250345,Downregulated
GN_r0432,0.15308899250345,Downregulated
GN_r0444,0.00466742749581148,Unchanged
GN_r0610,1.86673005199377,Unchanged
GN_r0611,1.86673005199377,Unchanged
GN_r1000,0.00466742749581148,Unchanged
GN_r1005,0.15308899250345,Downregulated
GN_r1253,0,Unchanged
GN_r1364,0.154719165520796,Downregulated
GN_r1365,0.154719165520796,Downregulated
GN_r1487,0.00466742749581148,Unchanged
GN_r2145,0.5,Downregulated
GN_r2329,16803020.6646317,Upregulated
GN_r2502,0.128587501355545,Downregulated
GN_r2503,0.587437019535094,Unchanged
GN_r2514,0.00466742749581148,Unchanged
GN_sink_4abut[l],0.424072142399293,Downregulated
GN_sink_dhcholestanate[c],1268050.64744524,Upregulated
GN_sink_lnlncacoa[c],0.00869787092940311,Unchanged
GN_sink_phe_L[c],1,Unchanged
GN_sink_ser_L[c],0.199354796179177,Downregulated
OO_3SALATAi,5.61793281406788,Upregulated
OO_3SALATAim,5.55659388715329,Upregulated
OO_3SPYRSP,5.61793281406788,Upregulated
OO_3SPYRSPm,5.55659388715329,Upregulated
OO_ACACT6p,0.615619984506295,Unchanged
OO_ACACT7p,0.615619984506295,Unchanged
OO_ACALDt,0.000178911773748384,Unchanged
OO_ACGAM2E,0.603572978640521,Unchanged
OO_ALOX15,0.686980625133763,Unchanged
OO_BDHm,13.3955466216313,Upregulated
OO_BETBGTtc,17.580398967884,Upregulated
OO_BHBtm,13.3955466216313,Upregulated
OO_BHMT,7.27391718924302,Upregulated
OO_C05769te2,36962895.8134245,Upregulated
OO_C40CPT1,25484.4124078322,Upregulated
OO_C4tcx,2.82086713873693,Upregulated
OO_C4x,2.82086713873693,Upregulated
OO_CSAPASEly,0.379113169443551,Downregulated
OO_CSCPASEly,0.379089077752722,Downregulated
OO_CSPG_Atly,0.379113169443551,Downregulated
OO_CSPG_Ctly,0.379089077752722,Downregulated
OO_CYSTA,5.60569006643104,Upregulated
OO_DCK1n,1.17381248659566e-05,Unchanged
OO_DCT,0.157113046322728,Downregulated
OO_DGSNt,1.36469079914507,Unchanged
OO_DIGALSIDEtl,0.625974155777493,Unchanged
OO_DM_15HPET[r],3.47181507776971,Upregulated
OO_DM_15HPET[x],0.809808180072325,Unchanged
OO_DM_melanin_c_,0.157090408602647,Downregulated
OO_DOCOSACTDe,0.786110624894471,Unchanged
OO_DOPAQNISO1,0.15711304984618,Downregulated
OO_FADDPle,0.0724729166614721,Downregulated
OO_FAEL184,0.492088190437392,Downregulated
OO_FAOXC101C102m,0.0471658640321326,Downregulated
OO_FAOXC102C103x,0.417496961239968,Downregulated
OO_FAOXC102C81x,0.417496961239968,Downregulated
OO_FAOXC102x,0.417496961239968,Downregulated
OO_FAOXC103C102x,0.417496961239968,Downregulated
OO_FAOXC123C102x,0.417496961239968,Downregulated
OO_FAOXC123x,0.417496961239968,Downregulated
OO_FAOXC143C123x,0.417496961239968,Downregulated
OO_FAOXC164C143x,0.417496961239968,Downregulated
OO_FAOXC164C165x,0.417496961239968,Downregulated
OO_FAOXC164x,0.417496961239968,Downregulated
OO_FAOXC165C164x,0.417496961239968,Downregulated
OO_FAOXC184C164m,0.0680030598026708,Downregulated
OO_FAOXC184C164x,0.417496961239968,Downregulated
OO_FAOXC2051843x,0.417496961239968,Downregulated
OO_FAOXC61x,0.417496961239968,Downregulated
OO_FAOXC81C61x,0.417496961239968,Downregulated
OO_FATP6t,22796110.7040143,Upregulated
OO_FMNALKPle,0.0724729166614721,Downregulated
OO_FUMSO3tm,5.55659388715329,Upregulated
OO_GALGLUSIDEtg,1.02816345224825,Unchanged
OO_GLA2l,0.0942690242578319,Downregulated
OO_GLAl,0.625974155777493,Unchanged
OO_GLCAASE4ly,0.379113169443551,Downregulated
OO_GLCAASE5ly,0.379089077752722,Downregulated
OO_GLCt4,263657.695314742,Upregulated
OO_GNDc,0.273725903426139,Downregulated
OO_HDD2COAtx,0.615619984506295,Unchanged
OO_HMR_0276,1.27977469606462,Unchanged
OO_HMR_0392,0.0446020355637988,Downregulated
OO_HMR_0482,4.57330350411165e-05,Unchanged
OO_HMR_0839,0.0615157900500354,Downregulated
OO_HMR_0854,0.0615157900500354,Downregulated
OO_HMR_0986,3.47181507776971,Upregulated
OO_HMR_0987,0.809808180072325,Unchanged
OO_HMR_3094,3.62744729070799,Upregulated
OO_HMR_3095,3.62744729070799,Upregulated
OO_HMR_3096,3.62743889314255,Upregulated
OO_HMR_3097,3.62744729070799,Upregulated
OO_HMR_3230,4.48223810100664e-07,Unchanged
OO_HMR_3231,4.48223810100664e-07,Unchanged
OO_HMR_3232,4.48223810100664e-07,Unchanged
OO_HMR_3233,4.48223810100664e-07,Unchanged
OO_HMR_3296,0.0471658640321326,Downregulated
OO_HMR_3452,0.109355433884113,Downregulated
OO_HMR_3453,0.109355433884113,Downregulated
OO_HMR_3454,0.109355433884113,Downregulated
OO_HMR_3456,0.109355433884113,Downregulated
OO_HMR_3457,0.109355433884113,Downregulated
OO_HMR_4630,0.00196359869224631,Unchanged
OO_HMR_6362,0.0739756132366809,Downregulated
OO_ICDHyp,6.96825695576638e-07,Unchanged
OO_LACZe,0.389154797576022,Downregulated
OO_LINKDEG2ly,0.379113171453323,Downregulated
OO_LTC4CP,0.5,Downregulated
OO_MLTHFte2,1.00000023111872,Unchanged
OO_NACHEX1ly,0.379113169443551,Downregulated
OO_NACHEX2ly,0.379113171453323,Downregulated
OO_NACHEXA3ly,0.379089077752722,Downregulated
OO_NACHEXA4ly,0.379089077752722,Downregulated
OO_NACSMCTte,0.0659164865677549,Downregulated
OO_NDPK7n,1.17361095936668e-05,Unchanged
OO_NTD7e,0.0725200123274732,Downregulated
OO_OCCOAtm,1.75445297180232e-06,Unchanged
OO_P4507B12r,0.69862073220747,Unchanged
OO_PA_HStm,0.176675985058073,Downregulated
OO_PGI,0.660758428042716,Unchanged
OO_PGLc,0.273650606777965,Downregulated
OO_PTVSTtep,1.15559363877082e-07,Unchanged
OO_RE1520M,0.0471658636069862,Downregulated
OO_RE1522M,0.0471658653207805,Downregulated
OO_RE1525M,0.0471658653207805,Downregulated
OO_RE1527M,0.0471658636069862,Downregulated
OO_RE1532M,0.0471658653207805,Downregulated
OO_RE1534M,0.0471658636069862,Downregulated
OO_RE2992M,0.109355433884113,Downregulated
OO_RE3174C,1.15500688598459,Unchanged
OO_RE3175C,1.15500688598459,Unchanged
OO_RSVtev,1.15559362484419e-07,Unchanged
OO_S4TASE1ly,0.379113169443551,Downregulated
OO_S4TASE2ly,0.379113171453323,Downregulated
OO_SARDHm,7.00585210152155,Upregulated
OO_SIAT9g,0.511712367854467,Unchanged
OO_ST8SIA12,0.511712367854467,Unchanged
OO_TMNDNCCOAtx,0.417496961239968,Downregulated
OO_TYRASE,0.157090408602647,Downregulated
OO_UPPN,0.0597232388464332,Downregulated
OO_XOL7AONEtr,0.69862073220747,Unchanged
OO_XOLTRI27tc,0.69862073220747,Unchanged
OO_XYLK,0.33749354596589,Downregulated
OO_r0173,0.0387663871092455,Downregulated
OO_r0249,3353506.92776465,Upregulated
OO_r0488,0.00250796533865403,Unchanged
OO_r0595,5.60569006643104,Upregulated
OO_r0715,0.615619984506295,Unchanged
OO_r0717,0.615619984506295,Unchanged
OO_r0719,0.615619984506295,Unchanged
OO_r0721,0.615619984506295,Unchanged
OO_r0795,5.60569006643104,Upregulated
OO_r0840,3353506.92776465,Upregulated
OO_r1252,0.615619984506295,Unchanged
OO_r1260,1.24352062223565,Unchanged
OO_r1444,0.615619984506295,Unchanged
OO_r2447,0.0740236710940446,Downregulated
OO_sink_C02528[c],1.21658368359308,Unchanged
OO_sink_asn_L[c],0.0143778199186676,Downregulated
OO_sink_val_L[c],1,Unchanged
SK_34HPLFM,0.918135400190563,Unchanged
SK_34HPLtm,0.923032458087033,Unchanged
SK_3DPHBH2,0.921926224992763,Unchanged
SK_3M4HDXPAC,2.06803608821599,Upregulated
SK_3MOX4HOXPGALDOX,0.0449972331738791,Downregulated
SK_3MOXTYROX,2.06803608821599,Upregulated
SK_4HBZCOAFm,0.921926224992763,Unchanged
SK_4HBZFm,0.921926224992763,Unchanged
SK_ACNAMt2,0.10843483407633,Downregulated
SK_AHC,0.320418140531663,Downregulated
SK_ARGtD,1,Unchanged
SK_ASPPROASCT1,128803.147527337,Upregulated
SK_ASPt6,128803.148055184,Upregulated
SK_BGAL2l,0.139323921087232,Downregulated
SK_BILIRUBt2,132935466.274713,Upregulated
SK_BILIRUBtr,0.110313276043281,Downregulated
SK_CE2512te,0.00315581091425737,Unchanged
SK_CHSTEROLt2,23.8213387394327,Upregulated
SK_COQ3m,0.921672662301163,Unchanged
SK_COQ5m,0.921672662301163,Unchanged
SK_COQ6m,0.921672662301163,Unchanged
SK_COQ7m,0.921672662301163,Unchanged
SK_COUCOAFm,0.921926224992763,Unchanged
SK_DCMPDA,0.620466643848152,Unchanged
SK_DECDPtm,0.921926224992763,Unchanged
SK_DGK2m,0.391574848921141,Downregulated
SK_DGNSKm,0.391574848921141,Downregulated
SK_DGSNtm,0.391574848921141,Downregulated
SK_DHDPBMTm,0.921926224992763,Unchanged
SK_DNDPt37m,0.205220259695036,Downregulated
SK_DOLGPP_Ler,0.0046355714511203,Unchanged
SK_DOPAMT,2.06803608821599,Upregulated
SK_DPHMBDCm,0.921926224992763,Unchanged
SK_DPPS,0.921926224992763,Unchanged
SK_FACOAL180i,0.245213251488921,Downregulated
SK_FAOXC121x,0,Unchanged
SK_FAOXC14C14OHm,NaN,Unchanged
SK_FAOXC204,0.0927139837258733,Downregulated
SK_FAOXC2242046m,3.86622498509918,Upregulated
SK_FAOXC2251836m,0.0168818899457902,Downregulated
SK_FAOXC2252053m,0.0217080353850197,Downregulated
SK_FAOXC6DCC4DCx,0,Unchanged
SK_GA1tl,0.139323921087232,Downregulated
SK_GD1Cte,0.139323921087232,Downregulated
SK_HBZOPT10m,0.921926224992763,Unchanged
SK_HEXAHBl,0.139323921087232,Downregulated
SK_HMR_0808,0.901544705803346,Unchanged
SK_HMR_0837,3.49192045534155,Upregulated
SK_HMR_0844,0.929903806404294,Unchanged
SK_HMR_1311,0.5,Downregulated
SK_HMR_1467,0.694325851799052,Unchanged
SK_HMR_1470,0.694325851799052,Unchanged
SK_HMR_1473,0.694325851799052,Unchanged
SK_HMR_2705,0.0317108782175924,Downregulated
SK_HMR_2851,984388.605443519,Upregulated
SK_HMR_3218,0.0317108781740008,Downregulated
SK_HMR_3219,0.0317108781740008,Downregulated
SK_HMR_3220,0.0317108781740008,Downregulated
SK_HMR_3221,0.0317108781740008,Downregulated
SK_HMR_3222,0.142663862994533,Downregulated
SK_HMR_3223,0.142663862994533,Downregulated
SK_HMR_3224,0.142663862994533,Downregulated
SK_HMR_3225,0.142663862994533,Downregulated
SK_HMR_3330,0,Unchanged
SK_HMR_3331,0,Unchanged
SK_HMR_3332,0,Unchanged
SK_HMR_3333,0,Unchanged
SK_HMR_3334,0,Unchanged
SK_HMR_3335,0,Unchanged
SK_HMR_3336,0,Unchanged
SK_HMR_3337,0,Unchanged
SK_HMR_3338,0,Unchanged
SK_HMR_3339,0,Unchanged
SK_HMR_3340,0,Unchanged
SK_HMR_3341,0,Unchanged
SK_HMR_3342,0,Unchanged
SK_HMR_3343,0,Unchanged
SK_HMR_3344,0,Unchanged
SK_HMR_3345,0,Unchanged
SK_HMR_3346,0,Unchanged
SK_HMR_3347,0,Unchanged
SK_HMR_3348,0,Unchanged
SK_HMR_3349,0,Unchanged
SK_HMR_3350,0,Unchanged
SK_HMR_3351,0,Unchanged
SK_HMR_3352,0,Unchanged
SK_HMR_3353,0,Unchanged
SK_HMR_6782,0.923032458087033,Unchanged
SK_HMR_6907,1.13609255540148,Unchanged
SK_HMR_6908,1.13609255540148,Unchanged
SK_HMR_6909,1.13609255540148,Unchanged
SK_HMR_6910,1.13609255540148,Unchanged
SK_HMR_9805,7.74630330469743,Upregulated
SK_HSD3A2r,1304567.82813616,Upregulated
SK_LPASE,7.74630356584067,Upregulated
SK_LPCHOLt,7.74630356584067,Upregulated
SK_METS,0.320418140531663,Downregulated
SK_METtec,0.523598416429748,Unchanged
SK_NDP7er,0.0137436936353463,Downregulated
SK_NEU310e,0.139323921087232,Downregulated
SK_NEU33e,0.106675466918612,Downregulated
SK_NEU34e,0.106675466918612,Downregulated
SK_NEU36e,0.106675466918612,Downregulated
SK_NEU39e,0.139323921087232,Downregulated
SK_NICRNTtn,0.286450955221966,Downregulated
SK_NNATn,0.286450955221966,Downregulated
SK_PCHOLHSTDe,7.74127386460814,Upregulated
SK_PGESr,0.5,Downregulated
SK_PROSTGE2t2r,0.5,Downregulated
SK_Q10H2e,0.922553869426258,Unchanged
SK_RE0452M,0.205220259695036,Downregulated
SK_SFGTH,2.99009801338699,Upregulated
SK_T4HCINNMFM,0.921926224992763,Unchanged
SK_TYRTAm,0.918135400190563,Unchanged
SK_UAG2EMAi,3.49192042540197,Upregulated
SK_UAG4E,0.0368770776824401,Downregulated
SK_UGT1A10r,0.110313276043281,Downregulated
SK_r0202,1.0000044208605,Unchanged
SK_r0652,78.0618875322823,Upregulated
SK_r0915,3.3564186739141e-07,Unchanged
SK_r1078,0.918135400190563,Unchanged
SK_r1262,0.1330691515163,Downregulated
SK_r1292,2.95874227196644e-07,Unchanged
SK_r1429,1.0000044208605,Unchanged
SK_r1459,10696.695847269,Upregulated
