commonRxns,FSR_BASE_PC,Status_BASE_PC
AD_5MTHFt2,1.6836193338321e-07,Unchanged
AD_ACGAM6PSi,NaN,Unchanged
AD_ACGAMK,1.63159332387468,Unchanged
AD_ACGAMPM,2.33215451745112,Upregulated
AD_ADMDC,NaN,Unchanged
AD_ASCBt4,214175.225861459,Upregulated
AD_BAMPPALDOX,NaN,Unchanged
AD_DMATTx,NaN,Unchanged
AD_DNDPt28m,NaN,Unchanged
AD_FAOXC161C141m,NaN,Unchanged
AD_FAS100COA,33453.6027344544,Upregulated
AD_FAS80COA_L,1.8454915105717,Unchanged
AD_FRDPtr,NaN,Unchanged
AD_FTHFLm,NaN,Unchanged
AD_GF6PTA,NaN,Unchanged
AD_GLYPROt,NaN,Unchanged
AD_GRTTx,NaN,Unchanged
AD_H2Otn,3.22705610817195e-07,Unchanged
AD_HMGCOAtx,77683.8687085411,Upregulated
AD_HMR_0197,NaN,Unchanged
AD_HMR_0807,0.0735829592400859,Downregulated
AD_HMR_0830,0.186824071919739,Downregulated
AD_HMR_1135,NaN,Unchanged
AD_HMR_1242,NaN,Unchanged
AD_HMR_1526,NaN,Unchanged
AD_HMR_2018,0,Unchanged
AD_HMR_2281,76876.4359207336,Upregulated
AD_HMR_2611,76876.5530634546,Upregulated
AD_HMR_2612,834082.752985036,Upregulated
AD_HMR_2634,505449.280111658,Upregulated
AD_HMR_2673,763331.569653363,Upregulated
AD_HMR_2712,204710.683848362,Upregulated
AD_HMR_2713,204710.683848362,Upregulated
AD_HMR_2727,204710.689603532,Upregulated
AD_HMR_4078,NaN,Unchanged
AD_HMR_4079,NaN,Unchanged
AD_HMR_5996,0.01,Downregulated
AD_IPDDIx,NaN,Unchanged
AD_KAS8,0.70925662426031,Unchanged
AD_LALDO,1.00001442872374,Unchanged
AD_LPS6e,NaN,Unchanged
AD_LTHSTRLtr,NaN,Unchanged
AD_L_LACt2r,3.72286793328691e-06,Unchanged
AD_NDPK4m,0.0975717898339148,Downregulated
AD_NDPK8m,0.0975717902904822,Downregulated
AD_P450LTB4r,8.89474320952809e-06,Unchanged
AD_PEHSFABPe,0.858546056020684,Unchanged
AD_PROGLyt,NaN,Unchanged
AD_PROSTGE2t,0.533588547512534,Unchanged
AD_PSSA2_hs,NaN,Unchanged
AD_RE3597X,NaN,Unchanged
AD_SPRMS,NaN,Unchanged
AD_SQLSr,NaN,Unchanged
AD_TRDR,NaN,Unchanged
AD_UAGDP,2.33215451732849,Upregulated
AD_r0208,NaN,Unchanged
AD_r0392,0.321376060080144,Downregulated
AD_r0841,NaN,Unchanged
AD_r0899,NaN,Unchanged
AD_r1090,0.01,Downregulated
AD_r2436,867016.206291198,Upregulated
AD_sink_34dhpac[c],NaN,Unchanged
AD_sink_retfa[c],584.332540841538,Upregulated
EN_3DHCDCHOLt,1.00000051687865,Unchanged
EN_3DHCHOLt,1.00000051687863,Unchanged
EN_3DHDCAt,1.00000051687863,Unchanged
EN_3DHLCAt,1.00000051687865,Unchanged
EN_ABUTD,NaN,Unchanged
EN_ACONT,30.5653571363008,Upregulated
EN_ADPACDAc,0,Unchanged
EN_AHCYSte,NaN,Unchanged
EN_APRTO2,NaN,Unchanged
EN_BETALDHxm,0.0122444063997869,Downregulated
EN_C10DCc,2.82857169280717,Upregulated
EN_C30CPT1,5.41146950065283e-07,Unchanged
EN_C6DCc,0,Unchanged
EN_CDSm,3329.30256008664,Upregulated
EN_CHOLD2m,0.0122444063997869,Downregulated
EN_CYTK1m,3329.30411470476,Upregulated
EN_DALAt2r,NaN,Unchanged
EN_DOLGLCP_Lter,0.453203086200796,Downregulated
EN_FADH2tru,778001043.356648,Upregulated
EN_FADtru,778001022.915884,Upregulated
EN_FUM,30.5653571363054,Upregulated
EN_G6PPer,98.6781806585885,Upregulated
EN_GLB1,3.27662063157306,Upregulated
EN_GLYBtm,0.0122444063998652,Downregulated
EN_GLYKm,3329.30256008664,Upregulated
EN_H2CO3D,275129909.267804,Upregulated
EN_HMR_0182,NaN,Unchanged
EN_HMR_0321,81.6135287598635,Upregulated
EN_HMR_0582,3329.30256008664,Upregulated
EN_HMR_0761,40.3769625288005,Upregulated
EN_HMR_0770,1.00000008212818,Unchanged
EN_HMR_0803,80.0661578180992,Upregulated
EN_HMR_0847,2.82399774965929,Upregulated
EN_HMR_1565,1963.29160899754,Upregulated
EN_HMR_1766,411.382988930735,Upregulated
EN_HMR_1769,411.38295606107,Upregulated
EN_HMR_1771,411.38295606107,Upregulated
EN_HMR_4278,1.81368201538135e-07,Unchanged
EN_HMR_4696,0.0345708901477915,Downregulated
EN_HMR_6511,778000986.012479,Upregulated
EN_HMR_6572,213618122.973544,Upregulated
EN_HYOCHOLt,1.00000051687866,Unchanged
EN_LCAT10e,NaN,Unchanged
EN_LCAT11e,NaN,Unchanged
EN_LCAT15e,NaN,Unchanged
EN_LCAT23e,137.503613528801,Upregulated
EN_LCAT34e,NaN,Unchanged
EN_LCAT50e,NaN,Unchanged
EN_LCAT7e,NaN,Unchanged
EN_LYSt4,NaN,Unchanged
EN_MI1PS,213618119.646535,Upregulated
EN_MI3PP,213618127.470168,Upregulated
EN_NABTNO,NaN,Unchanged
EN_NDPK3m,3329.30411470476,Upregulated
EN_NTD2e,16.322705519867,Upregulated
EN_ORNDC,NaN,Unchanged
EN_PGLYCtm,3329.30411470476,Upregulated
EN_PGPP_hs,3347.75065502948,Upregulated
EN_PGPP_hsc,3329.30256008664,Upregulated
EN_PPAer,1.88007865585865e-05,Unchanged
EN_PSSA1_hs,107909.721848866,Upregulated
EN_PTRCAT1,NaN,Unchanged
EN_PUNP7,NaN,Unchanged
EN_RDH3,2,Upregulated
EN_RE3010M,1.00000211427878,Unchanged
EN_RE3597C,NaN,Unchanged
EN_SEBACACT,2.82857169902297,Upregulated
EN_THYOCHOLt,1.00000051687865,Unchanged
EN_UDCHOLt,1.00000051687864,Unchanged
EN_UDPDOLPT_L,0.453203086200796,Downregulated
EN_UGCG,40.3769620491919,Upregulated
EN_UREAt,NaN,Unchanged
EN_VLCS2p,NaN,Unchanged
EN_XOLEST183CEH,107.122739694597,Upregulated
EN_XOLEST183te,137.503613528801,Upregulated
EN_XOLEST183tl,104.476943568363,Upregulated
EN_r0022,19.1257874162379,Upregulated
EN_r0051,NaN,Unchanged
EN_r0166,NaN,Unchanged
EN_r0224,0.397304353055573,Downregulated
EN_r0726,0,Unchanged
EN_r0743,NaN,Unchanged
EN_r1298,107.122739694597,Upregulated
EN_r1645,2,Upregulated
EN_r1664,NaN,Unchanged
EN_sink_gchola[c],9.63592979745345e-07,Unchanged
EN_sink_gln_L[c],0.0010732833470778,Unchanged
EN_sink_pro_L[c],3195890665.14698,Upregulated
EN_sink_xol7aone[c],4.96493344184968e-05,Unchanged
GN_2OBUTt,7.11812690952129e-06,Unchanged
GN_4ABUTtm,0.0850350841040628,Downregulated
GN_ABTArm,0.0850350841040628,Downregulated
GN_ABUTt2rL,0.0451370582320134,Downregulated
GN_ACACT10m,NaN,Unchanged
GN_ACACT9p,3.45047005257399e-07,Unchanged
GN_ACGALK,0.0784931234592705,Downregulated
GN_ACMPthc,0,Unchanged
GN_ADSK,0.0115964833475559,Downregulated
GN_ARACHDFATPtc,1.07156757815175e-07,Unchanged
GN_ARACHDtr,NaN,Unchanged
GN_BGAL1l,0.0784931226040877,Downregulated
GN_BPNT,0.0115964831709115,Downregulated
GN_C204CRNt,10330.1048904265,Upregulated
GN_C226CPT1,5.29978916033975e-05,Unchanged
GN_C226CPT2,5.29978905275186e-05,Unchanged
GN_CERT2rt,2.45531028172256e-08,Unchanged
GN_CHSTEROLt,0.00483414049733441,Unchanged
GN_CKc,0.00793830652629085,Unchanged
GN_CLPNDCRNt,173304.552878913,Upregulated
GN_CSEPASEly,NaN,Unchanged
GN_CSPG_Etly,NaN,Unchanged
GN_CYOOm3i,0.00648772827958998,Unchanged
GN_DDCAte,2.95264962607563e-05,Unchanged
GN_DESAT18_4,3.17313006420125e-05,Unchanged
GN_DESAT18_7,0.000468882318800857,Unchanged
GN_DM_pcreat[c],0.00793830652629085,Unchanged
GN_DURIPP,NaN,Unchanged
GN_D_LACt2,NaN,Unchanged
GN_ECOAH9m,NaN,Unchanged
GN_EICOSTETCRNt,162974.447111131,Upregulated
GN_FACOAL170,0,Unchanged
GN_FACOAL204,1.07156757150213e-07,Unchanged
GN_FAEL183,1.24807148235433e-07,Unchanged
GN_FAEL205,1.50279633415211e-07,Unchanged
GN_FAOXC101x,0.212023401329344,Downregulated
GN_FAOXC185C164m,0.00129508549092669,Unchanged
GN_FAOXC185m,0.00129508549092669,Unchanged
GN_FAOXC205C185m,0.00129508549092669,Unchanged
GN_FAOXC226C205m,0.00129508549092669,Unchanged
GN_FAOXC226C227m,0.00129508549092669,Unchanged
GN_FAOXC226m,0.00129508549092669,Unchanged
GN_FAOXC227C226m,0.00129508549092669,Unchanged
GN_FAOXC5C5OHm,NaN,Unchanged
GN_FATP3t,0.0153024266251505,Downregulated
GN_FORt2m,NaN,Unchanged
GN_GALASE19ly,0.0125661029987121,Downregulated
GN_GALNTg,0.0125661029987121,Downregulated
GN_GALSIDEtl,NaN,Unchanged
GN_GHMT2r,962711.946829997,Upregulated
GN_GLCAASE7ly,NaN,Unchanged
GN_GLXO1,NaN,Unchanged
GN_GSNt2r,2.27446061404215,Upregulated
GN_HACD9m,NaN,Unchanged
GN_HEXCCOAtx,3.450470052574e-07,Unchanged
GN_HMR_0261,0.000673563207867261,Unchanged
GN_HMR_0267,1.73350952202669e-07,Unchanged
GN_HMR_0317,0.0227107750104965,Downregulated
GN_HMR_0815,0.156986309997817,Downregulated
GN_HMR_0816,0.39003603039604,Downregulated
GN_HMR_0835,0.0784931226040877,Downregulated
GN_HMR_0836,0.0784931226040877,Downregulated
GN_HMR_1305,NaN,Unchanged
GN_HMR_1307,NaN,Unchanged
GN_HMR_2211,3.45047005257399e-07,Unchanged
GN_HMR_2215,3.45047005257399e-07,Unchanged
GN_HMR_2217,3.45047005257399e-07,Unchanged
GN_HMR_2218,3.45047005257399e-07,Unchanged
GN_HMR_2219,3.45047005257399e-07,Unchanged
GN_HMR_2374,3.84004936097588e-07,Unchanged
GN_HMR_2376,3.84004936097588e-07,Unchanged
GN_HMR_2704,0,Unchanged
GN_HMR_2744,386723.470661091,Upregulated
GN_HMR_2753,10330.1048495974,Upregulated
GN_HMR_2760,10330.1049169463,Upregulated
GN_HMR_2817,0,Unchanged
GN_HMR_3057,3.45047005257399e-07,Unchanged
GN_HMR_3058,3.45047005257399e-07,Unchanged
GN_HMR_3059,3.45047005257399e-07,Unchanged
GN_HMR_3062,3.45047005257399e-07,Unchanged
GN_HMR_3063,3.45047005257399e-07,Unchanged
GN_HMR_3064,3.45047005257399e-07,Unchanged
GN_HMR_3065,3.45047005257399e-07,Unchanged
GN_HMR_3066,3.45047005257399e-07,Unchanged
GN_HMR_3067,3.45047005257399e-07,Unchanged
GN_HMR_3068,3.45047005257399e-07,Unchanged
GN_HMR_3069,3.45047005257399e-07,Unchanged
GN_HMR_3070,3.45047005257399e-07,Unchanged
GN_HMR_3071,3.45047005257399e-07,Unchanged
GN_HMR_3072,3.45047005257399e-07,Unchanged
GN_HMR_3073,3.45047005257399e-07,Unchanged
GN_HMR_3107,0,Unchanged
GN_HMR_3108,0,Unchanged
GN_HMR_3109,0,Unchanged
GN_HMR_3110,0,Unchanged
GN_HMR_3111,0,Unchanged
GN_HMR_3112,0,Unchanged
GN_HMR_3113,0,Unchanged
GN_HMR_3114,0,Unchanged
GN_HMR_3115,0,Unchanged
GN_HMR_3116,0,Unchanged
GN_HMR_3117,0,Unchanged
GN_HMR_3118,0,Unchanged
GN_HMR_3322,0.212023401329344,Downregulated
GN_HMR_7703,NaN,Unchanged
GN_LINKDEG4ly,NaN,Unchanged
GN_LNELDCCPT1,0.000917816042948796,Unchanged
GN_LNLNCGCRNt,9737.66515457126,Upregulated
GN_MLTHFtm,NaN,Unchanged
GN_NACHEXA7ly,NaN,Unchanged
GN_NACHEXA8ly,NaN,Unchanged
GN_NAGA2ly,0.0125661029987121,Downregulated
GN_NAGLCAly,0.0125661029987121,Downregulated
GN_NEU11l,0.0784931226040877,Downregulated
GN_O2Stm,0.00648657578718934,Unchanged
GN_OCT11EFATP,0.000673563207867261,Unchanged
GN_OLEICFATPtc,0.00627012822400201,Unchanged
GN_PAPStg,0.0115964833474951,Downregulated
GN_PAPtg,0.0115964831709115,Downregulated
GN_PGS,NaN,Unchanged
GN_PGSr,NaN,Unchanged
GN_PUNP4,9439.14523728156,Upregulated
GN_RE0574C,3.450470052574e-07,Unchanged
GN_RE0575C,3.450470052574e-07,Unchanged
GN_RE0576C,3.450470052574e-07,Unchanged
GN_RE0578C,0.024604300466787,Downregulated
GN_RE1342C,3.03841841251311e-05,Unchanged
GN_RE1518X,0.212023401331309,Downregulated
GN_RE1520X,0.212023401315586,Downregulated
GN_RE1521X,0.212023401315586,Downregulated
GN_RE1522X,0.212023401315586,Downregulated
GN_RE1525X,0.212023401315586,Downregulated
GN_RE1526X,0.212023401315586,Downregulated
GN_RE1527X,0.212023401315586,Downregulated
GN_RE1532X,0.212023401315586,Downregulated
GN_RE1533X,0.212023401315586,Downregulated
GN_RE1534X,0.212023401315586,Downregulated
GN_RE1573X,0.212023401315586,Downregulated
GN_RE1796R,2544981.32113787,Upregulated
GN_RE2069C,NaN,Unchanged
GN_RE2954C,0.0196653075921564,Downregulated
GN_RE3103C,3.84004936097588e-07,Unchanged
GN_RE3104C,3.84004936097588e-07,Unchanged
GN_RE3119C,8.02546548315385e-07,Unchanged
GN_RE3120C,8.02546548315385e-07,Unchanged
GN_RE3121C,8.02546548315385e-07,Unchanged
GN_RE3122C,8.02546548315385e-07,Unchanged
GN_SADT,0.0115964833475559,Downregulated
GN_SO4tl,0.0115964835031739,Downregulated
GN_SPHMYLN_HsATPte,0.0110716902526526,Downregulated
GN_TAURtcx,0.708794971600844,Unchanged
GN_THCHOLSTOICt,276605.603122849,Upregulated
GN_THMDt2r,1561102.80490731,Upregulated
GN_UAGALDP,0.0784931234592705,Downregulated
GN_UDPGALtg,0.00621508921752398,Unchanged
GN_UGALNACtg,0.0125661026203406,Downregulated
GN_XOL7AH3t,138303.01340054,Upregulated
GN_pac,NaN,Unchanged
GN_r0178,0.0850350841040628,Downregulated
GN_r0394,42.3366221650276,Upregulated
GN_r0409,1.00129774736927,Unchanged
GN_r0431,0.00135073858114347,Unchanged
GN_r0432,0.00135073858114583,Unchanged
GN_r0444,3.42813195423793e-08,Unchanged
GN_r0610,6.25203203080093e-07,Unchanged
GN_r0611,6.25203203080093e-07,Unchanged
GN_r1000,3.42813195423793e-08,Unchanged
GN_r1005,0.00135073858114583,Unchanged
GN_r1253,0,Unchanged
GN_r1364,0.0156020440137732,Downregulated
GN_r1365,0.0156020440137732,Downregulated
GN_r1487,3.42813195423793e-08,Unchanged
GN_r2145,0.5,Downregulated
GN_r2329,NaN,Unchanged
GN_r2502,0.212005440359468,Downregulated
GN_r2503,0.00506936826844997,Unchanged
GN_r2514,3.42813195423793e-08,Unchanged
GN_sink_4abut[l],0.0451370582320134,Downregulated
GN_sink_dhcholestanate[c],94675.2942142569,Upregulated
GN_sink_lnlncacoa[c],2.32088548673536e-07,Unchanged
GN_sink_phe_L[c],68419240.5471342,Upregulated
GN_sink_ser_L[c],45685.8738143824,Upregulated
OO_3SALATAi,NaN,Unchanged
OO_3SALATAim,NaN,Unchanged
OO_3SPYRSP,NaN,Unchanged
OO_3SPYRSPm,NaN,Unchanged
OO_ACACT6p,0.0437516683209184,Downregulated
OO_ACACT7p,0.0437516683209184,Downregulated
OO_ACALDt,1.34939301801799e-05,Unchanged
OO_ACGAM2E,NaN,Unchanged
OO_ALOX15,NaN,Unchanged
OO_BDHm,0.200990693972867,Downregulated
OO_BETBGTtc,0.258541297001402,Downregulated
OO_BHBtm,0.200990693972867,Downregulated
OO_BHMT,0.106942399299821,Downregulated
OO_C05769te2,NaN,Unchanged
OO_C40CPT1,NaN,Unchanged
OO_C4tcx,0.649327685320034,Unchanged
OO_C4x,0.649327685320034,Unchanged
OO_CSAPASEly,0.0479776594027854,Downregulated
OO_CSCPASEly,0.0479776556438592,Downregulated
OO_CSPG_Atly,0.0479776594027854,Downregulated
OO_CSPG_Ctly,0.0479776556438592,Downregulated
OO_CYSTA,NaN,Unchanged
OO_DCK1n,6.42727167870472e-06,Unchanged
OO_DCT,9.72299385782311e-07,Unchanged
OO_DGSNt,1.36469071269845,Unchanged
OO_DIGALSIDEtl,0.113097293411602,Downregulated
OO_DM_15HPET[r],9.10950936330133e-06,Unchanged
OO_DM_15HPET[x],0.0453628319417335,Downregulated
OO_DM_melanin_c_,9.71932433052117e-07,Unchanged
OO_DOCOSACTDe,0.125706445264089,Downregulated
OO_DOPAQNISO1,9.72299428683086e-07,Unchanged
OO_FADDPle,NaN,Unchanged
OO_FAEL184,0.0343750706229603,Downregulated
OO_FAOXC101C102m,0.0519464007707478,Downregulated
OO_FAOXC102C103x,0.0961156381155994,Downregulated
OO_FAOXC102C81x,0.0961156381155994,Downregulated
OO_FAOXC102x,0.0961156381155994,Downregulated
OO_FAOXC103C102x,0.0961156381155994,Downregulated
OO_FAOXC123C102x,0.0961156381155994,Downregulated
OO_FAOXC123x,0.0961156381155994,Downregulated
OO_FAOXC143C123x,0.0961156381155994,Downregulated
OO_FAOXC164C143x,0.0961156381155994,Downregulated
OO_FAOXC164C165x,0.0961156381155994,Downregulated
OO_FAOXC164x,0.0961156381155994,Downregulated
OO_FAOXC165C164x,0.0961156381155994,Downregulated
OO_FAOXC184C164m,0.0433375296160047,Downregulated
OO_FAOXC184C164x,0.0961156381155994,Downregulated
OO_FAOXC2051843x,0.0961156381155994,Downregulated
OO_FAOXC61x,0.0961156381155994,Downregulated
OO_FAOXC81C61x,0.0961156381155994,Downregulated
OO_FATP6t,1443881.24768649,Upregulated
OO_FMNALKPle,NaN,Unchanged
OO_FUMSO3tm,NaN,Unchanged
OO_GALGLUSIDEtg,0.188549814944981,Downregulated
OO_GLA2l,0.0243898300218874,Downregulated
OO_GLAl,0.113097293408096,Downregulated
OO_GLCAASE4ly,0.0479776594027854,Downregulated
OO_GLCAASE5ly,0.0479776599938105,Downregulated
OO_GLCt4,1239193.09293416,Upregulated
OO_GNDc,0.0212051315466208,Downregulated
OO_HDD2COAtx,0.0437516683197567,Downregulated
OO_HMR_0276,0.062636151238841,Downregulated
OO_HMR_0392,0.00630732832879582,Unchanged
OO_HMR_0482,2.14086729081931e-08,Unchanged
OO_HMR_0839,0.00398179693932321,Unchanged
OO_HMR_0854,0.00398179693932321,Unchanged
OO_HMR_0986,9.10950936330133e-06,Unchanged
OO_HMR_0987,0.0453628319417335,Downregulated
OO_HMR_3094,NaN,Unchanged
OO_HMR_3095,NaN,Unchanged
OO_HMR_3096,NaN,Unchanged
OO_HMR_3097,NaN,Unchanged
OO_HMR_3230,0.0657051830108304,Downregulated
OO_HMR_3231,0.0657051830108304,Downregulated
OO_HMR_3232,0.0657051830108304,Downregulated
OO_HMR_3233,0.0657051830108304,Downregulated
OO_HMR_3296,0.0519464007707478,Downregulated
OO_HMR_3452,0.0389120834401045,Downregulated
OO_HMR_3453,0.0389120834401045,Downregulated
OO_HMR_3454,0.0389120834401045,Downregulated
OO_HMR_3456,0.0389120834401045,Downregulated
OO_HMR_3457,0.0389120834401045,Downregulated
OO_HMR_4630,7.92346709003001e-08,Unchanged
OO_HMR_6362,0.00506368718206233,Unchanged
OO_ICDHyp,NaN,Unchanged
OO_LACZe,0.0455832028915952,Downregulated
OO_LINKDEG2ly,0.0479776591187115,Downregulated
OO_LTC4CP,0.5,Downregulated
OO_MLTHFte2,1.00000021321105,Unchanged
OO_NACHEX1ly,0.0479776594027854,Downregulated
OO_NACHEX2ly,0.0479776591187115,Downregulated
OO_NACHEXA3ly,0.0479776599938105,Downregulated
OO_NACHEXA4ly,0.0479776599938105,Downregulated
OO_NACSMCTte,0.0516932168929687,Downregulated
OO_NDPK7n,6.42726975861091e-06,Unchanged
OO_NTD7e,0.00724243452824679,Unchanged
OO_OCCOAtm,1.61852477779689e-06,Unchanged
OO_P4507B12r,NaN,Unchanged
OO_PA_HStm,0.0142438274673432,Downregulated
OO_PGI,0.0140459002817019,Downregulated
OO_PGLc,0.0212051317256418,Downregulated
OO_PTVSTtep,1.0660551259889e-07,Unchanged
OO_RE1520M,0.0519463971732262,Downregulated
OO_RE1522M,0.051946400338105,Downregulated
OO_RE1525M,0.051946400338105,Downregulated
OO_RE1527M,0.0519463971732262,Downregulated
OO_RE1532M,0.051946400338105,Downregulated
OO_RE1534M,0.0519463971732262,Downregulated
OO_RE2992M,0.0389120834401045,Downregulated
OO_RE3174C,0.0818396851961803,Downregulated
OO_RE3175C,0.0818396851995388,Downregulated
OO_RSVtev,1.06605520386438e-07,Unchanged
OO_S4TASE1ly,0.0479776594047382,Downregulated
OO_S4TASE2ly,0.0479776591206642,Downregulated
OO_SARDHm,0.106942392296333,Downregulated
OO_SIAT9g,0.0433961158004039,Downregulated
OO_ST8SIA12,0.0433961158004039,Downregulated
OO_TMNDNCCOAtx,0.0961156381146823,Downregulated
OO_TYRASE,9.71932433052117e-07,Unchanged
OO_UPPN,NaN,Unchanged
OO_XOL7AONEtr,NaN,Unchanged
OO_XOLTRI27tc,NaN,Unchanged
OO_XYLK,0.0230108315703101,Downregulated
OO_r0173,0.0364172901958161,Downregulated
OO_r0249,281794.025536459,Upregulated
OO_r0488,8.58785719013627e-08,Unchanged
OO_r0595,NaN,Unchanged
OO_r0715,0.0437516683209184,Downregulated
OO_r0717,0.0437516683209184,Downregulated
OO_r0719,0.0437516683209184,Downregulated
OO_r0721,0.0437516683209184,Downregulated
OO_r0795,NaN,Unchanged
OO_r0840,281794.025536459,Upregulated
OO_r1252,0.0437516683209184,Downregulated
OO_r1260,0.108125988755689,Downregulated
OO_r1444,0.0437516683209184,Downregulated
OO_r2447,0.00506368770815473,Unchanged
OO_sink_C02528[c],4.18635025018671e-06,Unchanged
OO_sink_asn_L[c],2.49972553219274e-06,Unchanged
OO_sink_val_L[c],2.88915705158849,Upregulated
SK_34HPLFM,NaN,Unchanged
SK_34HPLtm,NaN,Unchanged
SK_3DPHBH2,NaN,Unchanged
SK_3M4HDXPAC,NaN,Unchanged
SK_3MOX4HOXPGALDOX,0.0449972055782873,Downregulated
SK_3MOXTYROX,NaN,Unchanged
SK_4HBZCOAFm,NaN,Unchanged
SK_4HBZFm,NaN,Unchanged
SK_ACNAMt2,1.12779196320907,Unchanged
SK_AHC,22.0588485847871,Upregulated
SK_ARGtD,52394572.0476925,Upregulated
SK_ASPPROASCT1,17112.649960015,Upregulated
SK_ASPt6,17112.6497145358,Upregulated
SK_BGAL2l,1.69168783508453,Unchanged
SK_BILIRUBt2,NaN,Unchanged
SK_BILIRUBtr,2.49476983023819,Upregulated
SK_CE2512te,3.35384757598283e-08,Unchanged
SK_CHSTEROLt2,7874010746.17211,Upregulated
SK_COQ3m,NaN,Unchanged
SK_COQ5m,NaN,Unchanged
SK_COQ6m,NaN,Unchanged
SK_COQ7m,NaN,Unchanged
SK_COUCOAFm,NaN,Unchanged
SK_DCMPDA,0.620459287102148,Unchanged
SK_DECDPtm,NaN,Unchanged
SK_DGK2m,2.29797452955403,Upregulated
SK_DGNSKm,2.29797453027325,Upregulated
SK_DGSNtm,2.29797452955403,Upregulated
SK_DHDPBMTm,NaN,Unchanged
SK_DNDPt37m,NaN,Unchanged
SK_DOLGPP_Ler,0.045926263518823,Downregulated
SK_DOPAMT,NaN,Unchanged
SK_DPHMBDCm,NaN,Unchanged
SK_DPPS,NaN,Unchanged
SK_FACOAL180i,2.26129629923316,Upregulated
SK_FAOXC121x,0,Unchanged
SK_FAOXC14C14OHm,NaN,Unchanged
SK_FAOXC204,0.044949138524553,Downregulated
SK_FAOXC2242046m,1.29375459301712,Unchanged
SK_FAOXC2251836m,0.0276474117126964,Downregulated
SK_FAOXC2252053m,0.0176305507738812,Downregulated
SK_FAOXC6DCC4DCx,0,Unchanged
SK_GA1tl,1.69168783508453,Unchanged
SK_GD1Cte,1.69168783508453,Unchanged
SK_HBZOPT10m,NaN,Unchanged
SK_HEXAHBl,1.69168783508453,Unchanged
SK_HMR_0808,8.09932583691382,Upregulated
SK_HMR_0837,NaN,Unchanged
SK_HMR_0844,9.67159659416883,Upregulated
SK_HMR_1311,0.5,Downregulated
SK_HMR_1467,NaN,Unchanged
SK_HMR_1470,NaN,Unchanged
SK_HMR_1473,NaN,Unchanged
SK_HMR_2705,0.0160508282846897,Downregulated
SK_HMR_2851,NaN,Unchanged
SK_HMR_3218,0.0160508283298796,Downregulated
SK_HMR_3219,0.0160508283298796,Downregulated
SK_HMR_3220,0.0160508283298796,Downregulated
SK_HMR_3221,0.0160508283298796,Downregulated
SK_HMR_3222,0.0471564586951578,Downregulated
SK_HMR_3223,0.0471564586951578,Downregulated
SK_HMR_3224,0.0471564586951578,Downregulated
SK_HMR_3225,0.0471564586951578,Downregulated
SK_HMR_3330,0,Unchanged
SK_HMR_3331,0,Unchanged
SK_HMR_3332,0,Unchanged
SK_HMR_3333,0,Unchanged
SK_HMR_3334,0,Unchanged
SK_HMR_3335,0,Unchanged
SK_HMR_3336,0,Unchanged
SK_HMR_3337,0,Unchanged
SK_HMR_3338,0,Unchanged
SK_HMR_3339,0,Unchanged
SK_HMR_3340,0,Unchanged
SK_HMR_3341,0,Unchanged
SK_HMR_3342,0,Unchanged
SK_HMR_3343,0,Unchanged
SK_HMR_3344,0,Unchanged
SK_HMR_3345,0,Unchanged
SK_HMR_3346,0,Unchanged
SK_HMR_3347,0,Unchanged
SK_HMR_3348,0,Unchanged
SK_HMR_3349,0,Unchanged
SK_HMR_3350,0,Unchanged
SK_HMR_3351,0,Unchanged
SK_HMR_3352,0,Unchanged
SK_HMR_3353,0,Unchanged
SK_HMR_6782,NaN,Unchanged
SK_HMR_6907,NaN,Unchanged
SK_HMR_6908,NaN,Unchanged
SK_HMR_6909,NaN,Unchanged
SK_HMR_6910,NaN,Unchanged
SK_HMR_9805,NaN,Unchanged
SK_HSD3A2r,8414311.81935412,Upregulated
SK_LPASE,NaN,Unchanged
SK_LPCHOLt,NaN,Unchanged
SK_METS,22.058848898409,Upregulated
SK_METtec,0.523585386488391,Unchanged
SK_NDP7er,0.0817767635632926,Downregulated
SK_NEU310e,1.69168783508453,Unchanged
SK_NEU33e,1.10949348281383,Unchanged
SK_NEU34e,1.10949348281383,Unchanged
SK_NEU36e,1.10949348281383,Unchanged
SK_NEU39e,1.69168783508453,Unchanged
SK_NICRNTtn,2.41790056677131,Upregulated
SK_NNATn,2.41790056677131,Upregulated
SK_PCHOLHSTDe,NaN,Unchanged
SK_PGESr,0.5,Downregulated
SK_PROSTGE2t2r,0.5,Downregulated
SK_Q10H2e,NaN,Unchanged
SK_RE0452M,0.978050880531939,Unchanged
SK_SFGTH,NaN,Unchanged
SK_T4HCINNMFM,NaN,Unchanged
SK_TYRTAm,NaN,Unchanged
SK_UAG2EMAi,NaN,Unchanged
SK_UAG4E,NaN,Unchanged
SK_UGT1A10r,2.49476983023819,Upregulated
SK_r0202,1.79437455289247,Unchanged
SK_r0652,3.08882365209072,Upregulated
SK_r0915,3.09635449294784e-07,Unchanged
SK_r1078,NaN,Unchanged
SK_r1262,1.22792830706057,Unchanged
SK_r1292,2.72949471827997e-07,Unchanged
SK_r1429,1.79437455289255,Unchanged
SK_r1459,0.55647406199588,Unchanged
