commonRxns,FSR_BASE_PCOPT,Status_BASE_PCOPT
AD_5MTHFt2,7.70831529052884e-07,Unchanged
AD_ACGAM6PSi,NaN,Unchanged
AD_ACGAMK,7.11055195044742,Upregulated
AD_ACGAMPM,11.5281677469426,Upregulated
AD_ADMDC,NaN,Unchanged
AD_ASCBt4,214175.225861459,Upregulated
AD_BAMPPALDOX,NaN,Unchanged
AD_DMATTx,NaN,Unchanged
AD_DNDPt28m,NaN,Unchanged
AD_FAOXC161C141m,NaN,Unchanged
AD_FAS100COA,33050.6561305327,Upregulated
AD_FAS80COA_L,6.47469932077666,Upregulated
AD_FRDPtr,NaN,Unchanged
AD_FTHFLm,NaN,Unchanged
AD_GF6PTA,NaN,Unchanged
AD_GLYPROt,NaN,Unchanged
AD_GRTTx,NaN,Unchanged
AD_H2Otn,1.47739946039446e-06,Unchanged
AD_HMGCOAtx,51738.3063188172,Upregulated
AD_HMR_0197,NaN,Unchanged
AD_HMR_0807,0.319748091637694,Downregulated
AD_HMR_0830,0.831344974124883,Unchanged
AD_HMR_1135,NaN,Unchanged
AD_HMR_1242,NaN,Unchanged
AD_HMR_1526,NaN,Unchanged
AD_HMR_2018,0,Unchanged
AD_HMR_2281,55184.1565065463,Upregulated
AD_HMR_2611,55188.0843180112,Upregulated
AD_HMR_2612,833252.591468797,Upregulated
AD_HMR_2634,505449.280111658,Upregulated
AD_HMR_2673,763331.569653363,Upregulated
AD_HMR_2712,204710.683848362,Upregulated
AD_HMR_2713,204710.683848362,Upregulated
AD_HMR_2727,204710.689603532,Upregulated
AD_HMR_4078,NaN,Unchanged
AD_HMR_4079,NaN,Unchanged
AD_HMR_5996,0.01,Downregulated
AD_IPDDIx,NaN,Unchanged
AD_KAS8,2.27744164698651,Upregulated
AD_LALDO,1.00007684124408,Unchanged
AD_LPS6e,NaN,Unchanged
AD_LTHSTRLtr,NaN,Unchanged
AD_L_LACt2r,0.000396935578095467,Unchanged
AD_NDPK4m,0.447225156555777,Downregulated
AD_NDPK8m,0.447225169674321,Downregulated
AD_P450LTB4r,3.27339336177828e-05,Unchanged
AD_PEHSFABPe,4.83145427597187,Upregulated
AD_PROGLyt,NaN,Unchanged
AD_PROSTGE2t,2.01966089376049,Upregulated
AD_PSSA2_hs,NaN,Unchanged
AD_RE3597X,NaN,Unchanged
AD_SPRMS,NaN,Unchanged
AD_SQLSr,NaN,Unchanged
AD_TRDR,NaN,Unchanged
AD_UAGDP,11.528167746811,Upregulated
AD_r0208,NaN,Unchanged
AD_r0392,1.68436793715786,Unchanged
AD_r0841,NaN,Unchanged
AD_r0899,NaN,Unchanged
AD_r1090,0.01,Downregulated
AD_r2436,867016.206291198,Upregulated
AD_sink_34dhpac[c],NaN,Unchanged
AD_sink_retfa[c],2640.31950995044,Upregulated
EN_3DHCDCHOLt,1.00000248162186,Unchanged
EN_3DHCHOLt,1.00000248162188,Unchanged
EN_3DHDCAt,1.00000248162188,Unchanged
EN_3DHLCAt,1.00000248162188,Unchanged
EN_ABUTD,NaN,Unchanged
EN_ACONT,30.5664070155222,Upregulated
EN_ADPACDAc,0,Unchanged
EN_AHCYSte,NaN,Unchanged
EN_APRTO2,NaN,Unchanged
EN_BETALDHxm,0.0629715588462208,Downregulated
EN_C10DCc,2.82857169280717,Upregulated
EN_C30CPT1,2.75222038430911e-06,Unchanged
EN_C6DCc,0,Unchanged
EN_CDSm,17122.2160743552,Upregulated
EN_CHOLD2m,0.0629715588462208,Downregulated
EN_CYTK1m,17122.2240685975,Upregulated
EN_DALAt2r,NaN,Unchanged
EN_DOLGLCP_Lter,2.2274052658173,Upregulated
EN_FADH2tru,778001043.356648,Upregulated
EN_FADtru,778001022.915884,Upregulated
EN_FUM,30.5664070154879,Upregulated
EN_G6PPer,473.770653315433,Upregulated
EN_GLB1,16.1926337659344,Upregulated
EN_GLYBtm,0.0629715588430267,Downregulated
EN_GLYKm,17122.2160743552,Upregulated
EN_H2CO3D,317229192.038355,Upregulated
EN_HMR_0182,NaN,Unchanged
EN_HMR_0321,391.84035058023,Upregulated
EN_HMR_0582,17122.2160743552,Upregulated
EN_HMR_0761,198.29932486888,Upregulated
EN_HMR_0770,1.00000040334785,Unchanged
EN_HMR_0803,399.960377294173,Upregulated
EN_HMR_0847,14.1160182664134,Upregulated
EN_HMR_1565,7134.44990186783,Upregulated
EN_HMR_1766,2055.01025396468,Upregulated
EN_HMR_1769,2055.01025405313,Upregulated
EN_HMR_1771,2055.01025405313,Upregulated
EN_HMR_4278,9.55548210072266e-07,Unchanged
EN_HMR_4696,0.184484629880738,Downregulated
EN_HMR_6511,778000986.012479,Upregulated
EN_HMR_6572,191534180.45768,Upregulated
EN_HYOCHOLt,1.0000024816218,Unchanged
EN_LCAT10e,NaN,Unchanged
EN_LCAT11e,NaN,Unchanged
EN_LCAT15e,NaN,Unchanged
EN_LCAT23e,685.146719361824,Upregulated
EN_LCAT34e,NaN,Unchanged
EN_LCAT50e,NaN,Unchanged
EN_LCAT7e,NaN,Unchanged
EN_LYSt4,NaN,Unchanged
EN_MI1PS,191534177.474215,Upregulated
EN_MI3PP,191534180.457853,Upregulated
EN_NABTNO,NaN,Unchanged
EN_NDPK3m,17122.2240685975,Upregulated
EN_NTD2e,78.3680740150495,Upregulated
EN_ORNDC,NaN,Unchanged
EN_PGLYCtm,17122.2240685975,Upregulated
EN_PGPP_hs,17206.5519475757,Upregulated
EN_PGPP_hsc,17122.2160743552,Upregulated
EN_PPAer,6.30451286583934e-05,Unchanged
EN_PSSA1_hs,108294.779249295,Upregulated
EN_PTRCAT1,NaN,Unchanged
EN_PUNP7,NaN,Unchanged
EN_RDH3,2,Upregulated
EN_RE3010M,1.00001056559171,Unchanged
EN_RE3597C,NaN,Unchanged
EN_SEBACACT,2.82857169902297,Upregulated
EN_THYOCHOLt,1.00000248162186,Unchanged
EN_UDCHOLt,1.00000248162191,Unchanged
EN_UDPDOLPT_L,2.2274052658173,Upregulated
EN_UGCG,198.299333173248,Upregulated
EN_UREAt,NaN,Unchanged
EN_VLCS2p,NaN,Unchanged
EN_XOLEST183CEH,533.766290115939,Upregulated
EN_XOLEST183te,685.146719351918,Upregulated
EN_XOLEST183tl,520.582938126102,Upregulated
EN_r0022,19.1259490539079,Upregulated
EN_r0051,NaN,Unchanged
EN_r0166,NaN,Unchanged
EN_r0224,1.58818341427657,Unchanged
EN_r0726,0,Unchanged
EN_r0743,NaN,Unchanged
EN_r1298,533.766290115939,Upregulated
EN_r1645,2,Upregulated
EN_r1664,NaN,Unchanged
EN_sink_gchola[c],4.25049359607946e-06,Unchanged
EN_sink_gln_L[c],0.00240827740167133,Unchanged
EN_sink_pro_L[c],3195890665.14698,Upregulated
EN_sink_xol7aone[c],0.000248016806591851,Unchanged
GN_2OBUTt,4.39098222975645e-05,Unchanged
GN_4ABUTtm,0.469122006252374,Downregulated
GN_ABTArm,0.469122006252374,Downregulated
GN_ABUTt2rL,0.209597461884006,Downregulated
GN_ACACT10m,NaN,Unchanged
GN_ACACT9p,1.4507684786947e-06,Unchanged
GN_ACGALK,0.366845785541923,Downregulated
GN_ACMPthc,0,Unchanged
GN_ADSK,0.0533124605469534,Downregulated
GN_ARACHDFATPtc,4.7675776462846e-07,Unchanged
GN_ARACHDtr,NaN,Unchanged
GN_BGAL1l,0.366845767588001,Downregulated
GN_BPNT,0.0533124611129593,Downregulated
GN_C204CRNt,10330.1048904265,Upregulated
GN_C226CPT1,0.000223542907473139,Unchanged
GN_C226CPT2,0.000223542908647536,Unchanged
GN_CERT2rt,1.11560910446637e-07,Unchanged
GN_CHSTEROLt,0.0224969492931945,Downregulated
GN_CKc,0.0380081749229073,Downregulated
GN_CLPNDCRNt,173304.552878913,Upregulated
GN_CSEPASEly,NaN,Unchanged
GN_CSPG_Etly,NaN,Unchanged
GN_CYOOm3i,0.0638132155064128,Downregulated
GN_DDCAte,0.000170459119640488,Unchanged
GN_DESAT18_4,0.000134291668873713,Unchanged
GN_DESAT18_7,0.00198438098263828,Unchanged
GN_DM_pcreat[c],0.0380081749229073,Downregulated
GN_DURIPP,NaN,Unchanged
GN_D_LACt2,NaN,Unchanged
GN_ECOAH9m,NaN,Unchanged
GN_EICOSTETCRNt,162974.447111131,Upregulated
GN_FACOAL170,4.07512317055911e-07,Unchanged
GN_FACOAL204,4.76757734797377e-07,Unchanged
GN_FAEL183,5.33049774465792e-07,Unchanged
GN_FAEL205,6.36356595508472e-07,Unchanged
GN_FAOXC101x,1.43730725544394,Unchanged
GN_FAOXC185C164m,0.00546261699479952,Unchanged
GN_FAOXC185m,0.00546261699479952,Unchanged
GN_FAOXC205C185m,0.00546261699479952,Unchanged
GN_FAOXC226C205m,0.00546261699479952,Unchanged
GN_FAOXC226C227m,0.00546261699479952,Unchanged
GN_FAOXC226m,0.00546261699479952,Unchanged
GN_FAOXC227C226m,0.00546261699479952,Unchanged
GN_FAOXC5C5OHm,NaN,Unchanged
GN_FATP3t,0.0692640786807054,Downregulated
GN_FORt2m,NaN,Unchanged
GN_GALASE19ly,0.0587500946895436,Downregulated
GN_GALNTg,0.0587500946895436,Downregulated
GN_GALSIDEtl,NaN,Unchanged
GN_GHMT2r,781469.010391611,Upregulated
GN_GLCAASE7ly,NaN,Unchanged
GN_GLXO1,NaN,Unchanged
GN_GSNt2r,2.27446061404215,Upregulated
GN_HACD9m,NaN,Unchanged
GN_HEXCCOAtx,1.45076847646447e-06,Unchanged
GN_HMR_0261,0.00290192389059441,Unchanged
GN_HMR_0267,8.12830112454661e-07,Unchanged
GN_HMR_0317,0.10569053200701,Downregulated
GN_HMR_0815,0.733691545493299,Unchanged
GN_HMR_0816,1.83487107476994,Unchanged
GN_HMR_0835,0.366845767588001,Downregulated
GN_HMR_0836,0.366845767588001,Downregulated
GN_HMR_1305,NaN,Unchanged
GN_HMR_1307,NaN,Unchanged
GN_HMR_2211,1.4507684786947e-06,Unchanged
GN_HMR_2215,1.4507684786947e-06,Unchanged
GN_HMR_2217,1.4507684786947e-06,Unchanged
GN_HMR_2218,1.4507684786947e-06,Unchanged
GN_HMR_2219,1.4507684786947e-06,Unchanged
GN_HMR_2374,1.69290765703167e-06,Unchanged
GN_HMR_2376,1.69290765703167e-06,Unchanged
GN_HMR_2704,0,Unchanged
GN_HMR_2744,386723.470661091,Upregulated
GN_HMR_2753,10330.1048495974,Upregulated
GN_HMR_2760,10330.1049169463,Upregulated
GN_HMR_2817,0,Unchanged
GN_HMR_3057,1.4507684786947e-06,Unchanged
GN_HMR_3058,1.4507684786947e-06,Unchanged
GN_HMR_3059,1.4507684786947e-06,Unchanged
GN_HMR_3062,1.4507684786947e-06,Unchanged
GN_HMR_3063,1.4507684786947e-06,Unchanged
GN_HMR_3064,1.4507684786947e-06,Unchanged
GN_HMR_3065,1.4507684786947e-06,Unchanged
GN_HMR_3066,1.4507684786947e-06,Unchanged
GN_HMR_3067,1.4507684786947e-06,Unchanged
GN_HMR_3068,1.4507684786947e-06,Unchanged
GN_HMR_3069,1.4507684786947e-06,Unchanged
GN_HMR_3070,1.4507684786947e-06,Unchanged
GN_HMR_3071,1.4507684786947e-06,Unchanged
GN_HMR_3072,1.4507684786947e-06,Unchanged
GN_HMR_3073,1.4507684786947e-06,Unchanged
GN_HMR_3107,0,Unchanged
GN_HMR_3108,0,Unchanged
GN_HMR_3109,0,Unchanged
GN_HMR_3110,0,Unchanged
GN_HMR_3111,0,Unchanged
GN_HMR_3112,0,Unchanged
GN_HMR_3113,0,Unchanged
GN_HMR_3114,0,Unchanged
GN_HMR_3115,0,Unchanged
GN_HMR_3116,0,Unchanged
GN_HMR_3117,0,Unchanged
GN_HMR_3118,0,Unchanged
GN_HMR_3322,1.43730725544394,Unchanged
GN_HMR_7703,NaN,Unchanged
GN_LINKDEG4ly,NaN,Unchanged
GN_LNELDCCPT1,0.00390508554120144,Unchanged
GN_LNLNCGCRNt,9737.66515457126,Upregulated
GN_MLTHFtm,NaN,Unchanged
GN_NACHEXA7ly,NaN,Unchanged
GN_NACHEXA8ly,NaN,Unchanged
GN_NAGA2ly,0.0587500946895436,Downregulated
GN_NAGLCAly,0.0587500946895436,Downregulated
GN_NEU11l,0.366845767588001,Downregulated
GN_O2Stm,0.0638132113333973,Downregulated
GN_OCT11EFATP,0.00290192389059441,Unchanged
GN_OLEICFATPtc,0.0280283370541009,Downregulated
GN_PAPStg,0.0533124605580296,Downregulated
GN_PAPtg,0.0533124611129593,Downregulated
GN_PGS,NaN,Unchanged
GN_PGSr,NaN,Unchanged
GN_PUNP4,10451.7880103599,Upregulated
GN_RE0574C,1.45076847646447e-06,Unchanged
GN_RE0575C,1.45076847646447e-06,Unchanged
GN_RE0576C,1.45076847646447e-06,Unchanged
GN_RE0578C,0.101757465574737,Downregulated
GN_RE1342C,1.6665376579758,Unchanged
GN_RE1518X,1.43730725544394,Unchanged
GN_RE1520X,1.43730725545376,Unchanged
GN_RE1521X,1.43730725545376,Unchanged
GN_RE1522X,1.43730725545376,Unchanged
GN_RE1525X,1.43730725545376,Unchanged
GN_RE1526X,1.43730725545376,Unchanged
GN_RE1527X,1.43730725545376,Unchanged
GN_RE1532X,1.43730725545376,Unchanged
GN_RE1533X,1.43730725545376,Unchanged
GN_RE1534X,1.43730725545376,Unchanged
GN_RE1573X,1.43730725545376,Unchanged
GN_RE1796R,2544981.32113787,Upregulated
GN_RE2069C,NaN,Unchanged
GN_RE2954C,0.0902126277715062,Downregulated
GN_RE3103C,1.69290765703167e-06,Unchanged
GN_RE3104C,1.69290765660895e-06,Unchanged
GN_RE3119C,3.49469237392164e-06,Unchanged
GN_RE3120C,3.49469237393839e-06,Unchanged
GN_RE3121C,3.49469237392164e-06,Unchanged
GN_RE3122C,3.49469237392164e-06,Unchanged
GN_SADT,0.0533124605469534,Downregulated
GN_SO4tl,0.0533124592452169,Downregulated
GN_SPHMYLN_HsATPte,0.0517354939248079,Downregulated
GN_TAURtcx,0.708794971600844,Unchanged
GN_THCHOLSTOICt,276605.603122849,Upregulated
GN_THMDt2r,1561102.80490731,Upregulated
GN_UAGALDP,0.366845785541923,Downregulated
GN_UDPGALtg,0.0291015864970395,Downregulated
GN_UGALNACtg,0.0587500935544048,Downregulated
GN_XOL7AH3t,138303.82643868,Upregulated
GN_pac,NaN,Unchanged
GN_r0178,0.469122006252374,Downregulated
GN_r0394,46.8769428395456,Upregulated
GN_r0409,1.00129837385424,Unchanged
GN_r0431,0.00742793627027166,Unchanged
GN_r0432,0.00742793627028463,Unchanged
GN_r0444,1.45390400967697e-07,Unchanged
GN_r0610,2.20656096006484e-06,Unchanged
GN_r0611,2.20656095991631e-06,Unchanged
GN_r1000,1.45390400967697e-07,Unchanged
GN_r1005,0.00742793627028463,Unchanged
GN_r1253,0,Unchanged
GN_r1364,0.071294755419637,Downregulated
GN_r1365,0.071294755419637,Downregulated
GN_r1487,1.45390400967697e-07,Unchanged
GN_r2145,0.5,Downregulated
GN_r2329,NaN,Unchanged
GN_r2502,1.43730739590556,Unchanged
GN_r2503,0.0235916368525023,Downregulated
GN_r2514,1.45390401160732e-07,Unchanged
GN_sink_4abut[l],0.209597461884006,Downregulated
GN_sink_dhcholestanate[c],94675.8507793127,Upregulated
GN_sink_lnlncacoa[c],1.03496264805992e-06,Unchanged
GN_sink_phe_L[c],68419240.5471342,Upregulated
GN_sink_ser_L[c],17790.5677069887,Upregulated
OO_3SALATAi,NaN,Unchanged
OO_3SALATAim,NaN,Unchanged
OO_3SPYRSP,NaN,Unchanged
OO_3SPYRSPm,NaN,Unchanged
OO_ACACT6p,0.240290450695904,Downregulated
OO_ACACT7p,0.240290450695904,Downregulated
OO_ACALDt,5.80688666775887e-05,Unchanged
OO_ACGAM2E,NaN,Unchanged
OO_ALOX15,NaN,Unchanged
OO_BDHm,5.74783148348042,Upregulated
OO_BETBGTtc,1.25035022053988,Unchanged
OO_BHBtm,5.74783120597056,Upregulated
OO_BHMT,6.15852853872371,Upregulated
OO_C05769te2,NaN,Unchanged
OO_C40CPT1,NaN,Unchanged
OO_C4tcx,1.93183372281679,Unchanged
OO_C4x,1.93183372281679,Unchanged
OO_CSAPASEly,0.213883700309678,Downregulated
OO_CSCPASEly,0.213883679966821,Downregulated
OO_CSPG_Atly,0.213883700309678,Downregulated
OO_CSPG_Ctly,0.213883679966821,Downregulated
OO_CYSTA,NaN,Unchanged
OO_DCK1n,4.35348640201823e-05,Unchanged
OO_DCT,2.65825022307925e-06,Unchanged
OO_DGSNt,1.39776444025307,Unchanged
OO_DIGALSIDEtl,0.507981029434704,Unchanged
OO_DM_15HPET[r],3.96959001384994e-05,Unchanged
OO_DM_15HPET[x],0.160937314241897,Downregulated
OO_DM_melanin_c_,2.65825018633175e-06,Unchanged
OO_DOCOSACTDe,0.667057757368492,Unchanged
OO_DOPAQNISO1,2.65825022799781e-06,Unchanged
OO_FADDPle,NaN,Unchanged
OO_FAEL184,0.113103732895009,Downregulated
OO_FAOXC101C102m,0.193544496196074,Downregulated
OO_FAOXC102C103x,0.208527064127088,Downregulated
OO_FAOXC102C81x,0.208527064127088,Downregulated
OO_FAOXC102x,0.208527064127088,Downregulated
OO_FAOXC103C102x,0.208527064127088,Downregulated
OO_FAOXC123C102x,0.208527064127088,Downregulated
OO_FAOXC123x,0.208527064127088,Downregulated
OO_FAOXC143C123x,0.208527064127088,Downregulated
OO_FAOXC164C143x,0.208527064127088,Downregulated
OO_FAOXC164C165x,0.208527064127088,Downregulated
OO_FAOXC164x,0.208527064127088,Downregulated
OO_FAOXC165C164x,0.208527064127088,Downregulated
OO_FAOXC184C164m,0.153488977393761,Downregulated
OO_FAOXC184C164x,0.208527064127088,Downregulated
OO_FAOXC2051843x,0.208527064127088,Downregulated
OO_FAOXC61x,0.208527064127088,Downregulated
OO_FAOXC81C61x,0.208527064127088,Downregulated
OO_FATP6t,1443881.24768649,Upregulated
OO_FMNALKPle,NaN,Unchanged
OO_FUMSO3tm,NaN,Unchanged
OO_GALGLUSIDEtg,0.831626894315713,Unchanged
OO_GLA2l,0.106861908700518,Downregulated
OO_GLAl,0.507981029418956,Unchanged
OO_GLCAASE4ly,0.213883700309678,Downregulated
OO_GLCAASE5ly,0.213883699358839,Downregulated
OO_GLCt4,1239193.09293416,Upregulated
OO_GNDc,0.0826710424942117,Downregulated
OO_HDD2COAtx,0.240290450697368,Downregulated
OO_HMR_0276,0.281332778149436,Downregulated
OO_HMR_0392,0.0269351798831073,Downregulated
OO_HMR_0482,8.28394410738007e-08,Unchanged
OO_HMR_0839,0.0176246701767532,Downregulated
OO_HMR_0854,0.0176246701767532,Downregulated
OO_HMR_0986,3.96958842438854e-05,Unchanged
OO_HMR_0987,0.160937314241897,Downregulated
OO_HMR_3094,NaN,Unchanged
OO_HMR_3095,NaN,Unchanged
OO_HMR_3096,NaN,Unchanged
OO_HMR_3097,NaN,Unchanged
OO_HMR_3230,0.263147661084334,Downregulated
OO_HMR_3231,0.263147661084334,Downregulated
OO_HMR_3232,0.263147661084334,Downregulated
OO_HMR_3233,0.263147661084334,Downregulated
OO_HMR_3296,0.193544496196074,Downregulated
OO_HMR_3452,0.137815256394397,Downregulated
OO_HMR_3453,0.137815256394397,Downregulated
OO_HMR_3454,0.137815256394397,Downregulated
OO_HMR_3456,0.137815256394397,Downregulated
OO_HMR_3457,0.137815256394397,Downregulated
OO_HMR_4630,3.25233359657265e-07,Unchanged
OO_HMR_6362,0.0241109496940622,Downregulated
OO_ICDHyp,NaN,Unchanged
OO_LACZe,0.208402482029147,Downregulated
OO_LINKDEG2ly,0.213883701423708,Downregulated
OO_LTC4CP,0.5,Downregulated
OO_MLTHFte2,1.00000100905572,Unchanged
OO_NACHEX1ly,0.213883700309678,Downregulated
OO_NACHEX2ly,0.213883701423708,Downregulated
OO_NACHEXA3ly,0.213883699358839,Downregulated
OO_NACHEXA4ly,0.213883699358839,Downregulated
OO_NACSMCTte,0.636258480141977,Unchanged
OO_NDPK7n,4.35348665084694e-05,Unchanged
OO_NTD7e,0.0324136978914896,Downregulated
OO_OCCOAtm,1.6641172113772e-05,Unchanged
OO_P4507B12r,NaN,Unchanged
OO_PA_HStm,0.0915286842035298,Downregulated
OO_PGI,0.152664774012187,Downregulated
OO_PGLc,0.0826710443326322,Downregulated
OO_PTVSTtep,5.04527864734428e-07,Unchanged
OO_RE1520M,0.193544492496995,Downregulated
OO_RE1522M,0.193544499811209,Downregulated
OO_RE1525M,0.193544499811209,Downregulated
OO_RE1527M,0.193544492496995,Downregulated
OO_RE1532M,0.193544499811209,Downregulated
OO_RE1534M,0.193544492496995,Downregulated
OO_RE2992M,0.137815256394397,Downregulated
OO_RE3174C,0.271847657074096,Downregulated
OO_RE3175C,0.271847657149528,Downregulated
OO_RSVtev,5.04527865871296e-07,Unchanged
OO_S4TASE1ly,0.213883699748575,Downregulated
OO_S4TASE2ly,0.213883700888193,Downregulated
OO_SARDHm,6.15852813541143,Upregulated
OO_SIAT9g,0.183805334162987,Downregulated
OO_ST8SIA12,0.183805334162987,Downregulated
OO_TMNDNCCOAtx,0.208527064122605,Downregulated
OO_TYRASE,2.65825018633175e-06,Unchanged
OO_UPPN,NaN,Unchanged
OO_XOL7AONEtr,NaN,Unchanged
OO_XOLTRI27tc,NaN,Unchanged
OO_XYLK,0.0825276591574369,Downregulated
OO_r0173,0.0388313348024928,Downregulated
OO_r0249,272989.726997177,Upregulated
OO_r0488,3.64096939047822e-07,Unchanged
OO_r0595,NaN,Unchanged
OO_r0715,0.240290450695904,Downregulated
OO_r0717,0.240290450695904,Downregulated
OO_r0719,0.240290450695904,Downregulated
OO_r0721,0.240290450695904,Downregulated
OO_r0795,NaN,Unchanged
OO_r0840,272989.726996889,Upregulated
OO_r1252,0.240290450695904,Downregulated
OO_r1260,0.485652219591573,Downregulated
OO_r1444,0.240290450695904,Downregulated
OO_r2447,0.024110950795521,Downregulated
OO_sink_C02528[c],1.87141438573529e-05,Unchanged
OO_sink_asn_L[c],7.80231727601315e-06,Unchanged
OO_sink_val_L[c],2.88915705158849,Upregulated
SK_34HPLFM,NaN,Unchanged
SK_34HPLtm,NaN,Unchanged
SK_3DPHBH2,NaN,Unchanged
SK_3M4HDXPAC,NaN,Unchanged
SK_3MOX4HOXPGALDOX,0.025350494954755,Downregulated
SK_3MOXTYROX,NaN,Unchanged
SK_4HBZCOAFm,NaN,Unchanged
SK_4HBZFm,NaN,Unchanged
SK_ACNAMt2,0,Unchanged
SK_AHC,174.519592900407,Upregulated
SK_ARGtD,52394572.0476925,Upregulated
SK_ASPPROASCT1,333616.059746564,Upregulated
SK_ASPt6,78839.4346585656,Upregulated
SK_BGAL2l,0,Unchanged
SK_BILIRUBt2,NaN,Unchanged
SK_BILIRUBtr,2.22690747456324,Upregulated
SK_CE2512te,0,Unchanged
SK_CHSTEROLt2,7874010746.17211,Upregulated
SK_COQ3m,NaN,Unchanged
SK_COQ5m,NaN,Unchanged
SK_COQ6m,NaN,Unchanged
SK_COQ7m,NaN,Unchanged
SK_COUCOAFm,NaN,Unchanged
SK_DCMPDA,0.0503207987754793,Downregulated
SK_DECDPtm,NaN,Unchanged
SK_DGK2m,27.4897566982271,Upregulated
SK_DGNSKm,27.4897567063735,Upregulated
SK_DGSNtm,27.4897566982271,Upregulated
SK_DHDPBMTm,NaN,Unchanged
SK_DNDPt37m,NaN,Unchanged
SK_DOLGPP_Ler,0.16839446079379,Downregulated
SK_DOPAMT,NaN,Unchanged
SK_DPHMBDCm,NaN,Unchanged
SK_DPPS,NaN,Unchanged
SK_FACOAL180i,7.63335575101405,Upregulated
SK_FAOXC121x,0,Unchanged
SK_FAOXC14C14OHm,NaN,Unchanged
SK_FAOXC204,0.196307986682918,Downregulated
SK_FAOXC2242046m,5.21780213428618,Upregulated
SK_FAOXC2251836m,0.120422841589856,Downregulated
SK_FAOXC2252053m,0.076795566658899,Downregulated
SK_FAOXC6DCC4DCx,0,Unchanged
SK_GA1tl,0,Unchanged
SK_GD1Cte,0,Unchanged
SK_HBZOPT10m,NaN,Unchanged
SK_HEXAHBl,0,Unchanged
SK_HMR_0808,24.7619748759753,Upregulated
SK_HMR_0837,NaN,Unchanged
SK_HMR_0844,30.4556517339153,Upregulated
SK_HMR_1311,0.5,Downregulated
SK_HMR_1467,NaN,Unchanged
SK_HMR_1470,NaN,Unchanged
SK_HMR_1473,NaN,Unchanged
SK_HMR_2705,0,Unchanged
SK_HMR_2851,NaN,Unchanged
SK_HMR_3218,0,Unchanged
SK_HMR_3219,0,Unchanged
SK_HMR_3220,0,Unchanged
SK_HMR_3221,0,Unchanged
SK_HMR_3222,5.96675287118118,Upregulated
SK_HMR_3223,5.9667536128063,Upregulated
SK_HMR_3224,5.96675287118118,Upregulated
SK_HMR_3225,5.96675287118118,Upregulated
SK_HMR_3330,0,Unchanged
SK_HMR_3331,0,Unchanged
SK_HMR_3332,0,Unchanged
SK_HMR_3333,0,Unchanged
SK_HMR_3334,0,Unchanged
SK_HMR_3335,0,Unchanged
SK_HMR_3336,0,Unchanged
SK_HMR_3337,0,Unchanged
SK_HMR_3338,0,Unchanged
SK_HMR_3339,0,Unchanged
SK_HMR_3340,0,Unchanged
SK_HMR_3341,0,Unchanged
SK_HMR_3342,0,Unchanged
SK_HMR_3343,0,Unchanged
SK_HMR_3344,0,Unchanged
SK_HMR_3345,0,Unchanged
SK_HMR_3346,0,Unchanged
SK_HMR_3347,0,Unchanged
SK_HMR_3348,0,Unchanged
SK_HMR_3349,0,Unchanged
SK_HMR_3350,0,Unchanged
SK_HMR_3351,0,Unchanged
SK_HMR_3352,0,Unchanged
SK_HMR_3353,0,Unchanged
SK_HMR_6782,NaN,Unchanged
SK_HMR_6907,NaN,Unchanged
SK_HMR_6908,NaN,Unchanged
SK_HMR_6909,NaN,Unchanged
SK_HMR_6910,NaN,Unchanged
SK_HMR_9805,NaN,Unchanged
SK_HSD3A2r,8414311.81935412,Upregulated
SK_LPASE,NaN,Unchanged
SK_LPCHOLt,NaN,Unchanged
SK_METS,174.519595382383,Upregulated
SK_METtec,0.846165527218872,Unchanged
SK_NDP7er,0,Unchanged
SK_NEU310e,0,Unchanged
SK_NEU33e,0,Unchanged
SK_NEU34e,0,Unchanged
SK_NEU36e,0,Unchanged
SK_NEU39e,0,Unchanged
SK_NICRNTtn,7.61391290429439,Upregulated
SK_NNATn,7.61391290466503,Upregulated
SK_PCHOLHSTDe,NaN,Unchanged
SK_PGESr,0.5,Downregulated
SK_PROSTGE2t2r,0.5,Downregulated
SK_Q10H2e,NaN,Unchanged
SK_RE0452M,4.27029986170947,Upregulated
SK_SFGTH,NaN,Unchanged
SK_T4HCINNMFM,NaN,Unchanged
SK_TYRTAm,NaN,Unchanged
SK_UAG2EMAi,NaN,Unchanged
SK_UAG4E,NaN,Unchanged
SK_UGT1A10r,2.22690747456324,Upregulated
SK_r0202,1.79440167159726,Unchanged
SK_r0652,8.13293349586769,Upregulated
SK_r0915,8.77141236287571e-07,Unchanged
SK_r1078,NaN,Unchanged
SK_r1262,4.95232007886431,Upregulated
SK_r1292,1.16770236418589e-06,Unchanged
SK_r1429,1.79440167159733,Unchanged
SK_r1459,1.32819206528059,Unchanged
